sha,key,commit_subject,ticket_summary,correct,note
630a8a698fb9cd98068440dc1853665369162d65,SPARK-57462,[SPARK-57462][PYTHON][SQL] Add PySpark support for nanosecond-precision timestamp types,Add PySpark support for nanosecond-precision timestamp types,y,
7e9c387cf9ad5ac46801cea45d4ce21f5d109488,SPARK-57924,[SPARK-57924][SQL] Add bitmap_xor_agg aggregation function,Add bitmap_xor_agg aggregation function,y,
ed95123c03b8b4410a0f94ca1fa9a3a1db12ad62,SPARK-58021,[SPARK-58021][CONNECT] Reap orphaned local pool members,"Add an opt-in pool of pre-warmed, single-use local Spark Connect servers",y,follow-up on the same ticket (reaper for the pool the ticket added)
923e31286927328497859a909ab965d0920e2622,SPARK-58168,[SPARK-58168][SQL] Do no use Array[Nothing] in Flatten,Avoid creating Array[Nothing] in Flatten,y,
c2685ecf98e167be991683db7d6a8b9b33e1297b,SPARK-58205,[SPARK-58205][SQL] Mark JSON/CSV/XML expressions stateful to prevent shared-evaluator data races,Mark JSON/CSV/XML expressions stateful to prevent shared-evaluator data races,y,
c14268e050e2b6a6d8b70511e366eee21877a492,SPARK-58450,[SPARK-58450][SQL] Add single-pass analyzer support for ASOF JOIN,Single pass analyzer support,y,
ef128e33efb625d83f670fa607fb6626dc9d84ec,SPARK-58517,[SPARK-58517][SDP] Honor spark.sql.caseSensitive in table schema evolution,"SDP schema evolution ignores spark.sql.caseSensitive, corrupting the target schema on case-only column differences",y,
3afa7999adbb6ea9f50d689ccb01ba8cfb353e3e,SPARK-58580,[SPARK-58580][PS][FOLLOWUP] Preserve ldexp zero and infinity inputs,Use native Spark function for NumPy ldexp,y,"follow-up on the same ticket (edge cases for ldexp), not the main change"
eb318ba30c0290d4e9812ac9229cb75319f6f6f9,SPARK-58590,[SPARK-58590][PS] Remove obsolete pandas 0.24.0 version notes from datetime accessor docstrings,Remove obsolete pandas 0.24.0 version notes from datetime accessor docstrings,y,
06017e301aaddee53baffbe4d1631a8c440e7594,SPARK-58630,[SPARK-58630][PS] Use native Spark expressions for NumPy copysign,Use native Spark expressions for NumPy copysign,y,
57488264323e8ffe423cb90e45cd798ff3477c2b,SPARK-58699,[SPARK-58699][PYTHON] Short-circuit identity conversion for string and binary in LocalDataToArrowConversion,Short-circuit identity conversion for string and binary in LocalDataToArrowConversion,y,
e484d9adfe341476a84a151444996944f88e6135,SPARK-58775,"[SPARK-58775][UI] Fix SQL metrics filter and min,med,max table interaction",[UI] Filtering SQL metrics causes rows with total/min/med/max stats to be blank,y,
9e14596f47ba7b7909bcc0961fb27b72a7c3ffc1,SPARK-58788,[SPARK-58788][SQL] Add the TRIM_ARRAY array function,Add the TRIM_ARRAY array function,y,
0d3a4317bad5e2df9756b74f16d3ea179a22e605,SPARK-58828,[SPARK-58828][CORE] Support holding and resuming an application via graceful executor decommission,Support holding and resuming an application via graceful executor decommission,y,
4e0b430619e67bf3880a9ecaed103df5eea0e531,SPARK-58833,"[SPARK-58833][INFRA] Make the build, pyspark and docker job timeouts callable inputs","Make the build, pyspark and docker job timeouts callable inputs",y,
9b290e006e3b3e67f4f1edef1c2a899a336d5cbc,SPARK-58853,[SPARK-58853][ML] Optimize IDFModel transform closure,Optimize IDFModel transform closure,y,
bc9ee80d0de08f4cca1ac8518e4b6bee64cc544d,SPARK-58856,[SPARK-58856][ML] Avoid per-leaf map for tree predictions,Avoid per-leaf map for tree predictions,y,
1938bcf2451a27346685519f7d9a01046bad3447,SPARK-58859,[SPARK-58859][PYTHON][TEST] Add BarrierTaskContext negative tests for SQL map APIs,Add negative tests for BarrierTaskContext in mapInPandas and mapInArrow,y,
b1ce1292b62601a12a5203bbcd9e09fad49a6cfc,SPARK-58879,[SPARK-58879][CORE] Avoid decommissioning executors that became busy,Graceful dynamic allocation can decommission executors with newly assigned tasks,y,
9a75a1d04be4b82c0626f5ac00cb65b59cfdf37e,SPARK-58885,[SPARK-58885][BUILD][INFRA] Refactor handling of ignored patterns in module test detection,Refactor handling of ignored patterns in module test detection,y,
09ebec3cb0d7c5ba38ee49282d95339b1a1fbe34,SPARK-58918,[SPARK-58918][SQL][TEST][FOLLOWUP] Cover deeply nested types in the Arrow cache column-pruning read,Push column pruning into the Arrow cache read path,y,follow-up on the same ticket (nested types in the same code path)
e55ba12ba73fb83f020204743e418d92681b7043,SPARK-58920,[SPARK-58920][DOC] Fix typos in the Quick Start and Security docs,Fix typos in the Quick Start and Security docs,y,
da96091112045062b96915e1d45dee9a30573c6f,SPARK-58944,[SPARK-58944][INFRA][FOLLOWUP] Handle manually completed cherry-picks,Complete cherry pick as part of merge script,y,follow-up on the same ticket (merge-script cherry-pick handling)
7ff68edb6ff47a93d035c1546d60a857dea15078,SPARK-59079,[SPARK-59079][CORE] Use Option.when in LiveEntity,Use Option.when in LiveEntity,y,
bf9848d231a07220fe7af669ab4083cd186b6fb9,SPARK-59133,[SPARK-59133][PYTHON][TEST] Add tests for pa.Table.from_pandas,Add tests for pa.Table.from_pandas,y,
f04a15f617c25733ddfdc3a216651568ed5c087f,SPARK-59141,[SPARK-59141][SQL] Interleave partitions in columnar UnionExec,Columnar UnionExec ignores outputPartitioning and returns wrong results,y,
c7549e73ed2712c3c1e5fccd389191dd914fc53a,SPARK-59164,[SPARK-59164][SDP] Support nested column schema evolution,Support nested column schema evolution,y,
08757655cc2a6f613db306dc2480920f2f5b1bb1,SPARK-59173,[SPARK-59173][ML] Use isEmpty/nonEmpty instead of size comparisons in MLlib,Use isEmpty/nonEmpty instead of size comparisons in MLlib,y,
9523945b4ae0032d3e72ea13414053e663cfc28f,SPARK-59183,[SPARK-59183][SDP] SCD2 Ignore-null support; Populate version map per event row at ingest,SCD2 Ignore-null support; Populate version map per event row at ingest,y,
9b4e4f7547c07c5eba3d2b0822a6d3dbb023a150,SPARK-59272,[SPARK-59272][SQL] Revalidate the storage-partitioned join pairing when a regrouped side drops the keyed claim,Revalidate the storage-partitioned join pairing when a regrouped side drops the keyed claim,y,
bb4ef43fa331ebc69e25b38cb99a41da92bb5d93,SPARK-59277,[SPARK-59277][SQL][HIVE] Support first-class CHAR/VARCHAR in Hive extensions,[SQL][HIVE] Support first-class CHAR/VARCHAR in Hive extension surfaces,y,
3dca664eab7122554317e78b6cd2000d42d3a9e1,SPARK-59357,[SPARK-59357][CONNECT][TEST] Improve Python client protobuf plan stability coverage,Improve Python client plan test coverage,y,
50ec3795e03f2985ac49c6412a227aa1d3f08202,SPARK-59440,[SPARK-59440][SQL] Support the TIME data type in the hll_sketch_agg function,Support the TIME data type in the hll_sketch_agg function,y,
f54fe529de91c415befb3d8e8aed833c0f3352b4,SPARK-59448,[SPARK-59448][SQL] Support IGNORE NULL UPDATES in Auto CDC SQL syntax,SQL syntax for ignore nulls,y,
54862c407e432d2387cab42dcc99bc2bb8a6271f,SPARK-59469,[SPARK-59469][SQL] Report structured errors for invalid JDBC partition bounds,Throw Spark error for invalid input values as upper/lower bound of JDBC DS partitioning,y,
d8a7143d4fd819eb5b6bfab74bfcbec65d235f5e,SPARK-59496,[SPARK-59496][SQL] Avoid exponential NullIf plan growth,Avoid exponential NullIf plan growth,y,
6886811d1b38b2452e394486026e61be9281f3d9,SPARK-59508,[SPARK-59508][PYTHON] Harden client safety with restricted unpickle serializer,Harden client safety with restricted unpickle serializer,y,
6022d75c5de6090bba711ab27dca5c20ef74b1be,SPARK-59525,[SPARK-59525][PYTHON][SQL] Add Arrow support for nanosecond-precision timestamp types in PySpark,Add Arrow support for nanosecond-precision timestamp types in PySpark,y,
ded027de5395f7d2c8510fa8267db03f19090632,SPARK-59534,[SPARK-59534][SQL] Support implicit casting of DATE and STRING to TIMESTAMP in time_bucket,Support implicit casting for time_bucket timestamp arguments,y,
29da84aa64eb807f6127b1bcd4edad90ad9ea0e9,SPARK-59553,[SPARK-59553][CONNECT] Make SparkSession.addArtifact honor spark.jars.ivySettings,Make SparkSession.addArtifact honor spark.jars.ivySettings,y,
269bae36567e9d8f8727b1e6b6c585c5f69909ad,SPARK-59631,[SPARK-59631][SQL] Preserve cached V1 time-travel snapshots after table writes,Persisted V1 time-travel relations are recached after table writes,y,
5de052869182bf8e91cd206b4ac730ffbb10bd92,SPARK-59687,[SPARK-59687][SQL] Use exists instead of find(...).isDefined/isEmpty in catalyst and SQL core,Use exists instead of find(...).isDefined in WindowExpression.hasWindowExpression,y,
97d67a916b771736a7c1970b56cb8ce23536173e,SPARK-59699,[SPARK-59699][CONNECT] Make DataFrameReader options case-insensitive,Spark Connect DataFrameReader options should be case-insensitive with last-call-wins semantics,y,
b5aa3bde6aa8e73e04881843a1e46e9a83e07d50,SPARK-59701,[SPARK-59701][PYTHON][TEST] Fix flaky test_reap_server_does_not_expire_when_idle_retirement_is_disabled,Fix flaky test_reap_server_does_not_expire_when_idle_retirement_is_disabled,y,
f06bbad6fcc71d6f29ca024b4562d3e243a88b0b,SPARK-59744,[SPARK-59744][UDF] Execute scalar external UDFs through worker sessions,Execute scalar external UDFs through worker sessions,y,
c7080fc5b424e60f52bb9c26c49893151c214944,SPARK-59755,[SPARK-59755][PYTHON] Add ASV benchmarks for Arrow incremental aggregate and window UDF eval types,Add ASV benchmarks for Arrow incremental aggregate and window UDF eval types,y,
5a05bff0c84bc840285a6e013d79fee7ad453e78,SPARK-59757,[SPARK-59757][CORE] Harden BytesToBytesMap after failed reset allocation,Fix NPE in BytesToBytesMap after failed reset during spill,y,
9b25ad22b3d2ee1236865f6b0b46578f9a92eb34,SPARK-59774,"[SPARK-59774][SQL] Warn once, and name the remedy, when a whole-stage codegen method is too long to be JIT compiled","Warn once, and name the remedy, when a whole-stage codegen method is too long to be JIT compiled",y,
29acd89ec5f4806c1f6a335d8d3136baf111cd08,SPARK-59817,[SPARK-59817][BUILD] Upgrade `scala-xml` to 2.5.0,Upgrade `scala-xml` to 2.5.0,y,
b1b2685058d6359e00842cbd4c723f4ce3810709,SPARK-59819,[SPARK-59819][CORE] Fix `Resubmitted` task end accounting in `AppStatusListener`,Fix `Resubmitted` task end accounting in `AppStatusListener`,y,
