file,line,col,expected_symbol,jedi_result,jedi_answer,pyright_result,pyright_answer
django/contrib/admin/actions.py,50,45,ugettext,right,django.utils.translation.ugettext,right,django/utils/translation/__init__.py:82
django/contrib/admin/actions.py,59,16,ugettext,right,django.utils.translation.ugettext,right,django/utils/translation/__init__.py:82
django/contrib/admin/actions.py,61,16,ugettext,right,django.utils.translation.ugettext,right,django/utils/translation/__init__.py:82
django/contrib/admin/apps.py,11,19,ugettext_lazy,right,django.utils.translation.ugettext_lazy,right,django/utils/translation/__init__.py:101
django/contrib/admin/filters.py,106,23,ugettext_lazy,right,django.utils.translation.ugettext_lazy,right,django/utils/translation/__init__.py:101
django/contrib/admin/filters.py,203,23,ugettext_lazy,right,django.utils.translation.ugettext_lazy,right,django/utils/translation/__init__.py:101
django/contrib/admin/filters.py,242,23,ugettext_lazy,right,django.utils.translation.ugettext_lazy,right,django/utils/translation/__init__.py:101
django/contrib/admin/filters.py,243,22,ugettext_lazy,right,django.utils.translation.ugettext_lazy,right,django/utils/translation/__init__.py:101
django/contrib/admin/filters.py,244,22,ugettext_lazy,right,django.utils.translation.ugettext_lazy,right,django/utils/translation/__init__.py:101
django/contrib/admin/filters.py,258,27,ugettext_lazy,right,django.utils.translation.ugettext_lazy,right,django/utils/translation/__init__.py:101
django/contrib/admin/filters.py,285,23,ugettext_lazy,right,django.utils.translation.ugettext_lazy,right,django/utils/translation/__init__.py:101
django/contrib/admin/filters.py,337,13,ugettext_lazy,right,django.utils.translation.ugettext_lazy,right,django/utils/translation/__init__.py:101
django/contrib/admin/filters.py,338,13,ugettext_lazy,right,django.utils.translation.ugettext_lazy,right,django/utils/translation/__init__.py:101
django/contrib/admin/filters.py,342,13,ugettext_lazy,right,django.utils.translation.ugettext_lazy,right,django/utils/translation/__init__.py:101
django/contrib/admin/filters.py,346,13,ugettext_lazy,right,django.utils.translation.ugettext_lazy,right,django/utils/translation/__init__.py:101
django/contrib/admin/filters.py,350,13,ugettext_lazy,right,django.utils.translation.ugettext_lazy,right,django/utils/translation/__init__.py:101
django/contrib/admin/filters.py,358,17,ugettext_lazy,right,django.utils.translation.ugettext_lazy,right,django/utils/translation/__init__.py:101
django/contrib/admin/filters.py,359,17,ugettext_lazy,right,django.utils.translation.ugettext_lazy,right,django/utils/translation/__init__.py:101
django/contrib/admin/filters.py,411,23,ugettext_lazy,right,django.utils.translation.ugettext_lazy,right,django/utils/translation/__init__.py:101
django/contrib/admin/forms.py,11,25,ugettext_lazy,right,django.utils.translation.ugettext_lazy,right,django/utils/translation/__init__.py:101
django/contrib/admin/helpers.py,22,37,ugettext_lazy,right,django.utils.translation.ugettext_lazy,right,django/utils/translation/__init__.py:101
django/contrib/admin/models.py,36,8,ugettext_lazy,right,django.utils.translation.ugettext_lazy,right,django/utils/translation/__init__.py:101
django/contrib/admin/models.py,43,21,ugettext_lazy,right,django.utils.translation.ugettext_lazy,right,django/utils/translation/__init__.py:101
django/contrib/admin/models.py,48,21,ugettext_lazy,right,django.utils.translation.ugettext_lazy,right,django/utils/translation/__init__.py:101
django/contrib/admin/models.py,51,33,ugettext_lazy,right,django.utils.translation.ugettext_lazy,right,django/utils/translation/__init__.py:101
django/contrib/admin/models.py,53,35,ugettext_lazy,right,django.utils.translation.ugettext_lazy,right,django/utils/translation/__init__.py:101
django/contrib/admin/models.py,54,51,ugettext_lazy,right,django.utils.translation.ugettext_lazy,right,django/utils/translation/__init__.py:101
django/contrib/admin/models.py,56,38,ugettext_lazy,right,django.utils.translation.ugettext_lazy,right,django/utils/translation/__init__.py:101
django/contrib/admin/models.py,61,23,ugettext_lazy,right,django.utils.translation.ugettext_lazy,right,django/utils/translation/__init__.py:101
django/contrib/admin/models.py,62,30,ugettext_lazy,right,django.utils.translation.ugettext_lazy,right,django/utils/translation/__init__.py:101
django/contrib/admin/options.py,195,39,ugettext,right,django.utils.translation.ugettext,right,django/utils/translation/__init__.py:82
django/contrib/admin/options.py,223,36,ugettext,right,django.utils.translation.ugettext,right,django/utils/translation/__init__.py:82
django/contrib/admin/options.py,257,18,ugettext,right,django.utils.translation.ugettext,right,django/utils/translation/__init__.py:82
django/contrib/admin/options.py,1088,16,ugettext,right,django.utils.translation.ugettext,right,django/utils/translation/__init__.py:82
django/contrib/admin/options.py,1102,16,ugettext,right,django.utils.translation.ugettext,right,django/utils/translation/__init__.py:82
django/contrib/admin/options.py,1112,16,ugettext,right,django.utils.translation.ugettext,right,django/utils/translation/__init__.py:82
django/contrib/admin/options.py,1154,16,ugettext,right,django.utils.translation.ugettext,right,django/utils/translation/__init__.py:82
django/contrib/admin/options.py,1164,16,ugettext,right,django.utils.translation.ugettext,right,django/utils/translation/__init__.py:82
django/contrib/admin/options.py,1177,16,ugettext,right,django.utils.translation.ugettext,right,django/utils/translation/__init__.py:82
django/contrib/admin/options.py,1189,16,ugettext,right,django.utils.translation.ugettext,right,django/utils/translation/__init__.py:82
django/contrib/admin/options.py,1274,22,ugettext,right,django.utils.translation.ugettext,right,django/utils/translation/__init__.py:82
django/contrib/admin/options.py,1293,18,ugettext,right,django.utils.translation.ugettext,right,django/utils/translation/__init__.py:82
django/contrib/admin/options.py,1318,12,ugettext,right,django.utils.translation.ugettext,right,django/utils/translation/__init__.py:82
django/contrib/admin/options.py,1392,14,ugettext,right,django.utils.translation.ugettext,right,django/utils/translation/__init__.py:82
django/contrib/admin/options.py,1477,19,ugettext,right,django.utils.translation.ugettext,right,django/utils/translation/__init__.py:82
django/contrib/admin/options.py,1477,43,ugettext,right,django.utils.translation.ugettext,right,django/utils/translation/__init__.py:82
django/contrib/admin/options.py,1548,29,ugettext,right,django.utils.translation.ugettext,right,django/utils/translation/__init__.py:82
django/contrib/admin/options.py,1569,22,ugettext,right,django.utils.translation.ugettext,right,django/utils/translation/__init__.py:82
django/contrib/admin/options.py,1653,27,ugettext,right,django.utils.translation.ugettext,right,django/utils/translation/__init__.py:82
django/contrib/admin/options.py,1721,20,ugettext,right,django.utils.translation.ugettext,right,django/utils/translation/__init__.py:82
django/contrib/admin/options.py,1723,20,ugettext,right,django.utils.translation.ugettext,right,django/utils/translation/__init__.py:82
django/contrib/admin/options.py,1767,18,ugettext,right,django.utils.translation.ugettext,right,django/utils/translation/__init__.py:82
django/contrib/admin/options.py,1921,32,ugettext,right,django.utils.translation.ugettext,right,django/utils/translation/__init__.py:82
django/contrib/admin/options.py,1927,73,ugettext,right,django.utils.translation.ugettext,right,django/utils/translation/__init__.py:82
django/contrib/admin/options.py,1928,30,ugettext,right,django.utils.translation.ugettext,right,django/utils/translation/__init__.py:82
django/contrib/admin/sites.py,377,18,ugettext,right,django.utils.translation.ugettext,right,django/utils/translation/__init__.py:82
django/contrib/admin/sites.py,503,18,ugettext,right,django.utils.translation.ugettext,right,django/utils/translation/__init__.py:82
django/contrib/admin/templatetags/admin_list.py,392,29,ugettext,right,django.utils.translation.ugettext,right,django/utils/translation/__init__.py:82
django/contrib/admin/tests.py,123,21,ugettext,right,django.utils.translation.ugettext,right,django/utils/translation/__init__.py:82
django/contrib/admin/widgets.py,84,32,ugettext,right,django.utils.translation.ugettext,right,django/utils/translation/__init__.py:82
django/contrib/admin/widgets.py,85,32,ugettext,right,django.utils.translation.ugettext,right,django/utils/translation/__init__.py:82
django/contrib/admin/widgets.py,151,36,ugettext,right,django.utils.translation.ugettext,right,django/utils/translation/__init__.py:82
django/contrib/admin/widgets.py,343,35,ugettext,right,django.utils.translation.ugettext,right,django/utils/translation/__init__.py:82
django/contrib/admin/widgets.py,344,34,ugettext,right,django.utils.translation.ugettext,right,django/utils/translation/__init__.py:82
django/contrib/admindocs/apps.py,7,19,ugettext_lazy,right,django.utils.translation.ugettext_lazy,right,django/utils/translation/__init__.py:101
django/contrib/admindocs/views.py,77,62,ugettext,right,django.utils.translation.ugettext,right,django/utils/translation/__init__.py:82
django/contrib/admindocs/views.py,79,60,ugettext,right,django.utils.translation.ugettext,right,django/utils/translation/__init__.py:82
django/contrib/admindocs/views.py,81,78,ugettext,right,django.utils.translation.ugettext,right,django/utils/translation/__init__.py:82
django/contrib/admindocs/views.py,111,65,ugettext,right,django.utils.translation.ugettext,right,django/utils/translation/__init__.py:82
django/contrib/admindocs/views.py,113,63,ugettext,right,django.utils.translation.ugettext,right,django/utils/translation/__init__.py:82
django/contrib/admindocs/views.py,115,81,ugettext,right,django.utils.translation.ugettext,right,django/utils/translation/__init__.py:82
django/contrib/admindocs/views.py,186,51,ugettext,right,django.utils.translation.ugettext,right,django/utils/translation/__init__.py:82
django/contrib/admindocs/views.py,188,49,ugettext,right,django.utils.translation.ugettext,right,django/utils/translation/__init__.py:82
django/contrib/admindocs/views.py,190,68,ugettext,right,django.utils.translation.ugettext,right,django/utils/translation/__init__.py:82
django/contrib/admindocs/views.py,218,26,ugettext,right,django.utils.translation.ugettext,right,django/utils/translation/__init__.py:82
django/contrib/admindocs/views.py,222,26,ugettext,right,django.utils.translation.ugettext,right,django/utils/translation/__init__.py:82
django/contrib/admindocs/views.py,228,52,ugettext,right,django.utils.translation.ugettext,right,django/utils/translation/__init__.py:82
django/contrib/admindocs/views.py,230,50,ugettext,right,django.utils.translation.ugettext,right,django/utils/translation/__init__.py:82
django/contrib/admindocs/views.py,241,21,ugettext,right,django.utils.translation.ugettext,right,django/utils/translation/__init__.py:82
django/contrib/admindocs/views.py,245,20,ugettext,right,django.utils.translation.ugettext,right,django/utils/translation/__init__.py:82
django/contrib/admindocs/views.py,261,22,ugettext,right,django.utils.translation.ugettext,right,django/utils/translation/__init__.py:82
django/contrib/admindocs/views.py,268,43,ugettext,right,django.utils.translation.ugettext,right,django/utils/translation/__init__.py:82
django/contrib/admindocs/views.py,268,75,ugettext,right,django.utils.translation.ugettext,right,django/utils/translation/__init__.py:82
django/contrib/admindocs/views.py,273,43,ugettext,right,django.utils.translation.ugettext,right,django/utils/translation/__init__.py:82
django/contrib/admindocs/views.py,273,81,ugettext,right,django.utils.translation.ugettext,right,django/utils/translation/__init__.py:82
django/contrib/admindocs/views.py,288,86,ugettext,right,django.utils.translation.ugettext,right,django/utils/translation/__init__.py:82
django/contrib/admindocs/views.py,314,22,ugettext,right,django.utils.translation.ugettext,right,django/utils/translation/__init__.py:82
django/contrib/admindocs/views.py,322,43,ugettext,right,django.utils.translation.ugettext,right,django/utils/translation/__init__.py:82
django/contrib/admindocs/views.py,322,75,ugettext,right,django.utils.translation.ugettext,right,django/utils/translation/__init__.py:82
django/contrib/admindocs/views.py,327,43,ugettext,right,django.utils.translation.ugettext,right,django/utils/translation/__init__.py:82
django/contrib/admindocs/views.py,327,81,ugettext,right,django.utils.translation.ugettext,right,django/utils/translation/__init__.py:82
django/contrib/admindocs/views.py,421,28,ugettext,right,django.utils.translation.ugettext,right,django/utils/translation/__init__.py:82
django/contrib/auth/admin.py,48,9,ugettext_lazy,right,django.utils.translation.ugettext_lazy,right,django/utils/translation/__init__.py:101
django/contrib/auth/admin.py,49,9,ugettext_lazy,right,django.utils.translation.ugettext_lazy,right,django/utils/translation/__init__.py:101
django/contrib/auth/admin.py,51,9,ugettext_lazy,right,django.utils.translation.ugettext_lazy,right,django/utils/translation/__init__.py:101
django/contrib/auth/admin.py,137,26,ugettext_lazy,right,django.utils.translation.ugettext_lazy,right,django/utils/translation/__init__.py:101
django/contrib/auth/admin.py,167,21,ugettext_lazy,right,django.utils.translation.ugettext_lazy,right,django/utils/translation/__init__.py:101
django/contrib/auth/apps.py,12,19,ugettext_lazy,right,django.utils.translation.ugettext_lazy,right,django/utils/translation/__init__.py:101
django/contrib/auth/base_user.py,49,32,ugettext_lazy,right,django.utils.translation.ugettext_lazy,right,django/utils/translation/__init__.py:101
django/contrib/auth/base_user.py,50,38,ugettext_lazy,right,django.utils.translation.ugettext_lazy,right,django/utils/translation/__init__.py:101
django/contrib/auth/forms.py,70,29,ugettext_lazy,right,django.utils.translation.ugettext_lazy,right,django/utils/translation/__init__.py:101
django/contrib/auth/forms.py,73,14,ugettext_lazy,right,django.utils.translation.ugettext_lazy,right,django/utils/translation/__init__.py:101
django/contrib/auth/forms.py,79,14,ugettext_lazy,right,django.utils.translation.ugettext_lazy,right,django/utils/translation/__init__.py:101
django/contrib/auth/forms.py,82,18,ugettext_lazy,right,django.utils.translation.ugettext_lazy,right,django/utils/translation/__init__.py:101
django/contrib/auth/forms.py,117,14,ugettext_lazy,right,django.utils.translation.ugettext_lazy,right,django/utils/translation/__init__.py:101
django/contrib/auth/forms.py,118,18,ugettext_lazy,right,django.utils.translation.ugettext_lazy,right,django/utils/translation/__init__.py:101
django/contrib/auth/forms.py,153,14,ugettext_lazy,right,django.utils.translation.ugettext_lazy,right,django/utils/translation/__init__.py:101
django/contrib/auth/forms.py,159,25,ugettext_lazy,right,django.utils.translation.ugettext_lazy,right,django/utils/translation/__init__.py:101
django/contrib/auth/forms.py,163,20,ugettext_lazy,right,django.utils.translation.ugettext_lazy,right,django/utils/translation/__init__.py:101
django/contrib/auth/forms.py,224,35,ugettext_lazy,right,django.utils.translation.ugettext_lazy,right,django/utils/translation/__init__.py:101
django/contrib/auth/forms.py,297,29,ugettext_lazy,right,django.utils.translation.ugettext_lazy,right,django/utils/translation/__init__.py:101
django/contrib/auth/forms.py,300,14,ugettext_lazy,right,django.utils.translation.ugettext_lazy,right,django/utils/translation/__init__.py:101
django/contrib/auth/forms.py,306,14,ugettext_lazy,right,django.utils.translation.ugettext_lazy,right,django/utils/translation/__init__.py:101
django/contrib/auth/forms.py,341,30,ugettext_lazy,right,django.utils.translation.ugettext_lazy,right,django/utils/translation/__init__.py:101
django/contrib/auth/forms.py,344,14,ugettext_lazy,right,django.utils.translation.ugettext_lazy,right,django/utils/translation/__init__.py:101
django/contrib/auth/forms.py,369,29,ugettext_lazy,right,django.utils.translation.ugettext_lazy,right,django/utils/translation/__init__.py:101
django/contrib/auth/forms.py,373,14,ugettext_lazy,right,django.utils.translation.ugettext_lazy,right,django/utils/translation/__init__.py:101
django/contrib/auth/forms.py,379,14,ugettext_lazy,right,django.utils.translation.ugettext_lazy,right,django/utils/translation/__init__.py:101
django/contrib/auth/forms.py,382,18,ugettext_lazy,right,django.utils.translation.ugettext_lazy,right,django/utils/translation/__init__.py:101
django/contrib/auth/hashers.py,263,13,ugettext_noop,right,django.utils.translation.ugettext_noop,right,django/utils/translation/__init__.py:74
django/contrib/auth/hashers.py,264,13,ugettext_noop,right,django.utils.translation.ugettext_noop,right,django/utils/translation/__init__.py:74
django/contrib/auth/hashers.py,265,13,ugettext_noop,right,django.utils.translation.ugettext_noop,right,django/utils/translation/__init__.py:74
django/contrib/auth/hashers.py,266,13,ugettext_noop,right,django.utils.translation.ugettext_noop,right,django/utils/translation/__init__.py:74
django/contrib/auth/hashers.py,337,13,ugettext_noop,right,django.utils.translation.ugettext_noop,right,django/utils/translation/__init__.py:74
django/contrib/auth/hashers.py,338,13,ugettext_noop,right,django.utils.translation.ugettext_noop,right,django/utils/translation/__init__.py:74
django/contrib/auth/hashers.py,339,13,ugettext_noop,right,django.utils.translation.ugettext_noop,right,django/utils/translation/__init__.py:74
django/contrib/auth/hashers.py,340,13,ugettext_noop,right,django.utils.translation.ugettext_noop,right,django/utils/translation/__init__.py:74
django/contrib/auth/hashers.py,341,13,ugettext_noop,right,django.utils.translation.ugettext_noop,right,django/utils/translation/__init__.py:74
django/contrib/auth/hashers.py,342,13,ugettext_noop,right,django.utils.translation.ugettext_noop,right,django/utils/translation/__init__.py:74
django/contrib/auth/hashers.py,343,13,ugettext_noop,right,django.utils.translation.ugettext_noop,right,django/utils/translation/__init__.py:74
django/contrib/auth/hashers.py,344,13,ugettext_noop,right,django.utils.translation.ugettext_noop,right,django/utils/translation/__init__.py:74
django/contrib/auth/hashers.py,434,13,ugettext_noop,right,django.utils.translation.ugettext_noop,right,django/utils/translation/__init__.py:74
django/contrib/auth/hashers.py,435,13,ugettext_noop,right,django.utils.translation.ugettext_noop,right,django/utils/translation/__init__.py:74
django/contrib/auth/hashers.py,436,13,ugettext_noop,right,django.utils.translation.ugettext_noop,right,django/utils/translation/__init__.py:74
django/contrib/auth/hashers.py,437,13,ugettext_noop,right,django.utils.translation.ugettext_noop,right,django/utils/translation/__init__.py:74
django/contrib/auth/hashers.py,496,13,ugettext_noop,right,django.utils.translation.ugettext_noop,right,django/utils/translation/__init__.py:74
django/contrib/auth/hashers.py,497,13,ugettext_noop,right,django.utils.translation.ugettext_noop,right,django/utils/translation/__init__.py:74
django/contrib/auth/hashers.py,498,13,ugettext_noop,right,django.utils.translation.ugettext_noop,right,django/utils/translation/__init__.py:74
django/contrib/auth/hashers.py,527,13,ugettext_noop,right,django.utils.translation.ugettext_noop,right,django/utils/translation/__init__.py:74
django/contrib/auth/hashers.py,528,13,ugettext_noop,right,django.utils.translation.ugettext_noop,right,django/utils/translation/__init__.py:74
django/contrib/auth/hashers.py,529,13,ugettext_noop,right,django.utils.translation.ugettext_noop,right,django/utils/translation/__init__.py:74
django/contrib/auth/hashers.py,563,13,ugettext_noop,right,django.utils.translation.ugettext_noop,right,django/utils/translation/__init__.py:74
django/contrib/auth/hashers.py,564,13,ugettext_noop,right,django.utils.translation.ugettext_noop,right,django/utils/translation/__init__.py:74
django/contrib/auth/hashers.py,599,13,ugettext_noop,right,django.utils.translation.ugettext_noop,right,django/utils/translation/__init__.py:74
django/contrib/auth/hashers.py,600,13,ugettext_noop,right,django.utils.translation.ugettext_noop,right,django/utils/translation/__init__.py:74
django/contrib/auth/hashers.py,637,13,ugettext_noop,right,django.utils.translation.ugettext_noop,right,django/utils/translation/__init__.py:74
django/contrib/auth/hashers.py,638,13,ugettext_noop,right,django.utils.translation.ugettext_noop,right,django/utils/translation/__init__.py:74
django/contrib/auth/hashers.py,639,13,ugettext_noop,right,django.utils.translation.ugettext_noop,right,django/utils/translation/__init__.py:74
django/contrib/auth/models.py,60,28,ugettext_lazy,right,django.utils.translation.ugettext_lazy,right,django/utils/translation/__init__.py:101
django/contrib/auth/models.py,64,21,ugettext_lazy,right,django.utils.translation.ugettext_lazy,right,django/utils/translation/__init__.py:101
django/contrib/auth/models.py,66,32,ugettext_lazy,right,django.utils.translation.ugettext_lazy,right,django/utils/translation/__init__.py:101
django/contrib/auth/models.py,70,23,ugettext_lazy,right,django.utils.translation.ugettext_lazy,right,django/utils/translation/__init__.py:101
django/contrib/auth/models.py,71,30,ugettext_lazy,right,django.utils.translation.ugettext_lazy,right,django/utils/translation/__init__.py:101
django/contrib/auth/models.py,115,28,ugettext_lazy,right,django.utils.translation.ugettext_lazy,right,django/utils/translation/__init__.py:101
django/contrib/auth/models.py,118,21,ugettext_lazy,right,django.utils.translation.ugettext_lazy,right,django/utils/translation/__init__.py:101
django/contrib/auth/models.py,125,23,ugettext_lazy,right,django.utils.translation.ugettext_lazy,right,django/utils/translation/__init__.py:101
django/contrib/auth/models.py,126,30,ugettext_lazy,right,django.utils.translation.ugettext_lazy,right,django/utils/translation/__init__.py:101
django/contrib/auth/models.py,213,8,ugettext_lazy,right,django.utils.translation.ugettext_lazy,right,django/utils/translation/__init__.py:101
django/contrib/auth/models.py,215,18,ugettext_lazy,right,django.utils.translation.ugettext_lazy,right,django/utils/translation/__init__.py:101
django/contrib/auth/models.py,222,21,ugettext_lazy,right,django.utils.translation.ugettext_lazy,right,django/utils/translation/__init__.py:101
django/contrib/auth/models.py,224,18,ugettext_lazy,right,django.utils.translation.ugettext_lazy,right,django/utils/translation/__init__.py:101
django/contrib/auth/models.py,233,21,ugettext_lazy,right,django.utils.translation.ugettext_lazy,right,django/utils/translation/__init__.py:101
django/contrib/auth/models.py,235,18,ugettext_lazy,right,django.utils.translation.ugettext_lazy,right,django/utils/translation/__init__.py:101
django/contrib/auth/models.py,302,8,ugettext_lazy,right,django.utils.translation.ugettext_lazy,right,django/utils/translation/__init__.py:101
django/contrib/auth/models.py,305,18,ugettext_lazy,right,django.utils.translation.ugettext_lazy,right,django/utils/translation/__init__.py:101
django/contrib/auth/models.py,308,22,ugettext_lazy,right,django.utils.translation.ugettext_lazy,right,django/utils/translation/__init__.py:101
django/contrib/auth/models.py,311,34,ugettext_lazy,right,django.utils.translation.ugettext_lazy,right,django/utils/translation/__init__.py:101
django/contrib/auth/models.py,312,33,ugettext_lazy,right,django.utils.translation.ugettext_lazy,right,django/utils/translation/__init__.py:101
django/contrib/auth/models.py,313,30,ugettext_lazy,right,django.utils.translation.ugettext_lazy,right,django/utils/translation/__init__.py:101
django/contrib/auth/models.py,315,8,ugettext_lazy,right,django.utils.translation.ugettext_lazy,right,django/utils/translation/__init__.py:101
django/contrib/auth/models.py,317,18,ugettext_lazy,right,django.utils.translation.ugettext_lazy,right,django/utils/translation/__init__.py:101
django/contrib/auth/models.py,320,8,ugettext_lazy,right,django.utils.translation.ugettext_lazy,right,django/utils/translation/__init__.py:101
django/contrib/auth/models.py,322,18,ugettext_lazy,right,django.utils.translation.ugettext_lazy,right,django/utils/translation/__init__.py:101
django/contrib/auth/models.py,327,39,ugettext_lazy,right,django.utils.translation.ugettext_lazy,right,django/utils/translation/__init__.py:101
django/contrib/auth/models.py,336,23,ugettext_lazy,right,django.utils.translation.ugettext_lazy,right,django/utils/translation/__init__.py:101
django/contrib/auth/models.py,337,30,ugettext_lazy,right,django.utils.translation.ugettext_lazy,right,django/utils/translation/__init__.py:101
django/contrib/auth/password_validation.py,152,24,ugettext,right,django.utils.translation.ugettext,right,django/utils/translation/__init__.py:82
django/contrib/auth/password_validation.py,158,15,ugettext,right,django.utils.translation.ugettext,right,django/utils/translation/__init__.py:82
django/contrib/auth/password_validation.py,186,16,ugettext,right,django.utils.translation.ugettext,right,django/utils/translation/__init__.py:82
django/contrib/auth/password_validation.py,191,15,ugettext,right,django.utils.translation.ugettext,right,django/utils/translation/__init__.py:82
django/contrib/auth/password_validation.py,201,16,ugettext,right,django.utils.translation.ugettext,right,django/utils/translation/__init__.py:82
django/contrib/auth/password_validation.py,206,15,ugettext,right,django.utils.translation.ugettext,right,django/utils/translation/__init__.py:82
django/contrib/auth/validators.py,11,14,ugettext_lazy,right,django.utils.translation.ugettext_lazy,right,django/utils/translation/__init__.py:101
django/contrib/auth/validators.py,21,14,ugettext_lazy,right,django.utils.translation.ugettext_lazy,right,django/utils/translation/__init__.py:101
django/contrib/auth/views.py,161,21,ugettext_lazy,right,django.utils.translation.ugettext_lazy,right,django/utils/translation/__init__.py:101
django/contrib/auth/views.py,255,17,ugettext_lazy,right,django.utils.translation.ugettext_lazy,right,django/utils/translation/__init__.py:101
django/contrib/auth/views.py,270,17,ugettext_lazy,right,django.utils.translation.ugettext_lazy,right,django/utils/translation/__init__.py:101
django/contrib/auth/views.py,308,16,ugettext_lazy,right,django.utils.translation.ugettext_lazy,right,django/utils/translation/__init__.py:101
django/contrib/auth/views.py,319,16,ugettext_lazy,right,django.utils.translation.ugettext_lazy,right,django/utils/translation/__init__.py:101
django/contrib/auth/views.py,339,17,ugettext_lazy,right,django.utils.translation.ugettext_lazy,right,django/utils/translation/__init__.py:101
django/contrib/auth/views.py,374,12,ugettext_lazy,right,django.utils.translation.ugettext_lazy,right,django/utils/translation/__init__.py:101
django/contrib/auth/views.py,402,12,ugettext_lazy,right,django.utils.translation.ugettext_lazy,right,django/utils/translation/__init__.py:101
django/contrib/auth/views.py,410,12,ugettext_lazy,right,django.utils.translation.ugettext_lazy,right,django/utils/translation/__init__.py:101
django/contrib/auth/views.py,470,25,ugettext_lazy,right,django.utils.translation.ugettext_lazy,right,django/utils/translation/__init__.py:101
django/contrib/auth/views.py,478,12,ugettext_lazy,right,django.utils.translation.ugettext_lazy,right,django/utils/translation/__init__.py:101
django/contrib/auth/views.py,513,17,ugettext_lazy,right,django.utils.translation.ugettext_lazy,right,django/utils/translation/__init__.py:101
django/contrib/auth/views.py,529,17,ugettext_lazy,right,django.utils.translation.ugettext_lazy,right,django/utils/translation/__init__.py:101
django/contrib/auth/views.py,541,12,ugettext_lazy,right,django.utils.translation.ugettext_lazy,right,django/utils/translation/__init__.py:101
django/contrib/auth/views.py,564,12,ugettext_lazy,right,django.utils.translation.ugettext_lazy,right,django/utils/translation/__init__.py:101
django/contrib/contenttypes/apps.py,14,19,ugettext_lazy,right,django.utils.translation.ugettext_lazy,right,django/utils/translation/__init__.py:101
django/contrib/contenttypes/models.py,137,29,ugettext_lazy,right,django.utils.translation.ugettext_lazy,right,django/utils/translation/__init__.py:101
django/contrib/contenttypes/models.py,141,23,ugettext_lazy,right,django.utils.translation.ugettext_lazy,right,django/utils/translation/__init__.py:101
django/contrib/contenttypes/models.py,142,30,ugettext_lazy,right,django.utils.translation.ugettext_lazy,right,django/utils/translation/__init__.py:101
django/contrib/contenttypes/views.py,17,31,ugettext,right,django.utils.translation.ugettext,right,django/utils/translation/__init__.py:82
django/contrib/contenttypes/views.py,21,27,ugettext,right,django.utils.translation.ugettext,right,django/utils/translation/__init__.py:82
django/contrib/contenttypes/views.py,27,27,ugettext,right,django.utils.translation.ugettext,right,django/utils/translation/__init__.py:82
django/contrib/flatpages/admin.py,12,9,ugettext_lazy,right,django.utils.translation.ugettext_lazy,right,django/utils/translation/__init__.py:101
django/contrib/flatpages/apps.py,7,19,ugettext_lazy,right,django.utils.translation.ugettext_lazy,right,django/utils/translation/__init__.py:101
django/contrib/flatpages/forms.py,9,14,ugettext_lazy,right,django.utils.translation.ugettext_lazy,right,django/utils/translation/__init__.py:101
django/contrib/flatpages/forms.py,12,18,ugettext_lazy,right,django.utils.translation.ugettext_lazy,right,django/utils/translation/__init__.py:101
django/contrib/flatpages/forms.py,14,23,ugettext_lazy,right,django.utils.translation.ugettext_lazy,right,django/utils/translation/__init__.py:101
django/contrib/flatpages/forms.py,53,24,ugettext_lazy,right,django.utils.translation.ugettext_lazy,right,django/utils/translation/__init__.py:101
django/contrib/flatpages/models.py,9,27,ugettext_lazy,right,django.utils.translation.ugettext_lazy,right,django/utils/translation/__init__.py:101
django/contrib/flatpages/models.py,10,29,ugettext_lazy,right,django.utils.translation.ugettext_lazy,right,django/utils/translation/__init__.py:101
django/contrib/flatpages/models.py,11,31,ugettext_lazy,right,django.utils.translation.ugettext_lazy,right,django/utils/translation/__init__.py:101
django/contrib/flatpages/models.py,12,42,ugettext_lazy,right,django.utils.translation.ugettext_lazy,right,django/utils/translation/__init__.py:101
django/contrib/flatpages/models.py,14,8,ugettext_lazy,right,django.utils.translation.ugettext_lazy,right,django/utils/translation/__init__.py:101
django/contrib/flatpages/models.py,17,18,ugettext_lazy,right,django.utils.translation.ugettext_lazy,right,django/utils/translation/__init__.py:101
django/contrib/flatpages/models.py,23,8,ugettext_lazy,right,django.utils.translation.ugettext_lazy,right,django/utils/translation/__init__.py:101
django/contrib/flatpages/models.py,24,18,ugettext_lazy,right,django.utils.translation.ugettext_lazy,right,django/utils/translation/__init__.py:101
django/contrib/flatpages/models.py,27,54,ugettext_lazy,right,django.utils.translation.ugettext_lazy,right,django/utils/translation/__init__.py:101
django/contrib/flatpages/models.py,31,23,ugettext_lazy,right,django.utils.translation.ugettext_lazy,right,django/utils/translation/__init__.py:101
django/contrib/flatpages/models.py,32,30,ugettext_lazy,right,django.utils.translation.ugettext_lazy,right,django/utils/translation/__init__.py:101
django/contrib/gis/apps.py,8,19,ugettext_lazy,right,django.utils.translation.ugettext_lazy,right,django/utils/translation/__init__.py:101
django/contrib/gis/db/models/fields.py,82,18,ugettext_lazy,right,django.utils.translation.ugettext_lazy,right,django/utils/translation/__init__.py:101
django/contrib/gis/db/models/fields.py,260,18,ugettext_lazy,right,django.utils.translation.ugettext_lazy,right,django/utils/translation/__init__.py:101
django/contrib/gis/db/models/fields.py,353,18,ugettext_lazy,right,django.utils.translation.ugettext_lazy,right,django/utils/translation/__init__.py:101
django/contrib/gis/db/models/fields.py,359,18,ugettext_lazy,right,django.utils.translation.ugettext_lazy,right,django/utils/translation/__init__.py:101
django/contrib/gis/db/models/fields.py,365,18,ugettext_lazy,right,django.utils.translation.ugettext_lazy,right,django/utils/translation/__init__.py:101
django/contrib/gis/db/models/fields.py,371,18,ugettext_lazy,right,django.utils.translation.ugettext_lazy,right,django/utils/translation/__init__.py:101
django/contrib/gis/db/models/fields.py,377,18,ugettext_lazy,right,django.utils.translation.ugettext_lazy,right,django/utils/translation/__init__.py:101
django/contrib/gis/db/models/fields.py,383,18,ugettext_lazy,right,django.utils.translation.ugettext_lazy,right,django/utils/translation/__init__.py:101
django/contrib/gis/db/models/fields.py,389,18,ugettext_lazy,right,django.utils.translation.ugettext_lazy,right,django/utils/translation/__init__.py:101
django/contrib/gis/db/models/fields.py,395,18,ugettext_lazy,right,django.utils.translation.ugettext_lazy,right,django/utils/translation/__init__.py:101
django/contrib/gis/db/models/fields.py,406,18,ugettext_lazy,right,django.utils.translation.ugettext_lazy,right,django/utils/translation/__init__.py:101
django/contrib/gis/forms/fields.py,18,20,ugettext_lazy,right,django.utils.translation.ugettext_lazy,right,django/utils/translation/__init__.py:101
django/contrib/gis/forms/fields.py,19,24,ugettext_lazy,right,django.utils.translation.ugettext_lazy,right,django/utils/translation/__init__.py:101
django/contrib/gis/forms/fields.py,20,29,ugettext_lazy,right,django.utils.translation.ugettext_lazy,right,django/utils/translation/__init__.py:101
django/contrib/gis/forms/fields.py,21,27,ugettext_lazy,right,django.utils.translation.ugettext_lazy,right,django/utils/translation/__init__.py:101
django/contrib/gis/views.py,8,22,ugettext,right,django.utils.translation.ugettext,right,django/utils/translation/__init__.py:82
django/contrib/gis/views.py,14,22,ugettext,right,django.utils.translation.ugettext,right,django/utils/translation/__init__.py:82
django/contrib/humanize/apps.py,7,19,ugettext_lazy,right,django.utils.translation.ugettext_lazy,right,django/utils/translation/__init__.py:101
django/contrib/humanize/templatetags/humanize.py,27,16,ugettext,right,django.utils.translation.ugettext,right,django/utils/translation/__init__.py:82
django/contrib/humanize/templatetags/humanize.py,27,25,ugettext,right,django.utils.translation.ugettext,right,django/utils/translation/__init__.py:82
django/contrib/humanize/templatetags/humanize.py,27,34,ugettext,right,django.utils.translation.ugettext,right,django/utils/translation/__init__.py:82
django/contrib/humanize/templatetags/humanize.py,27,43,ugettext,right,django.utils.translation.ugettext,right,django/utils/translation/__init__.py:82
django/contrib/humanize/templatetags/humanize.py,27,52,ugettext,right,django.utils.translation.ugettext,right,django/utils/translation/__init__.py:82
django/contrib/humanize/templatetags/humanize.py,27,61,ugettext,right,django.utils.translation.ugettext,right,django/utils/translation/__init__.py:82
django/contrib/humanize/templatetags/humanize.py,27,70,ugettext,right,django.utils.translation.ugettext,right,django/utils/translation/__init__.py:82
django/contrib/humanize/templatetags/humanize.py,27,79,ugettext,right,django.utils.translation.ugettext,right,django/utils/translation/__init__.py:82
django/contrib/humanize/templatetags/humanize.py,27,88,ugettext,right,django.utils.translation.ugettext,right,django/utils/translation/__init__.py:82
django/contrib/humanize/templatetags/humanize.py,27,97,ugettext,right,django.utils.translation.ugettext,right,django/utils/translation/__init__.py:82
django/contrib/humanize/templatetags/humanize.py,151,12,ugettext,right,django.utils.translation.ugettext,right,django/utils/translation/__init__.py:82
django/contrib/humanize/templatetags/humanize.py,151,22,ugettext,right,django.utils.translation.ugettext,right,django/utils/translation/__init__.py:82
django/contrib/humanize/templatetags/humanize.py,151,32,ugettext,right,django.utils.translation.ugettext,right,django/utils/translation/__init__.py:82
django/contrib/humanize/templatetags/humanize.py,151,44,ugettext,right,django.utils.translation.ugettext,right,django/utils/translation/__init__.py:82
django/contrib/humanize/templatetags/humanize.py,151,55,ugettext,right,django.utils.translation.ugettext,right,django/utils/translation/__init__.py:82
django/contrib/humanize/templatetags/humanize.py,152,12,ugettext,right,django.utils.translation.ugettext,right,django/utils/translation/__init__.py:82
django/contrib/humanize/templatetags/humanize.py,152,22,ugettext,right,django.utils.translation.ugettext,right,django/utils/translation/__init__.py:82
django/contrib/humanize/templatetags/humanize.py,152,34,ugettext,right,django.utils.translation.ugettext,right,django/utils/translation/__init__.py:82
django/contrib/humanize/templatetags/humanize.py,152,46,ugettext,right,django.utils.translation.ugettext,right,django/utils/translation/__init__.py:82
django/contrib/humanize/templatetags/humanize.py,176,15,ugettext,right,django.utils.translation.ugettext,right,django/utils/translation/__init__.py:82
django/contrib/humanize/templatetags/humanize.py,178,15,ugettext,right,django.utils.translation.ugettext,right,django/utils/translation/__init__.py:82
django/contrib/humanize/templatetags/humanize.py,180,15,ugettext,right,django.utils.translation.ugettext,right,django/utils/translation/__init__.py:82
django/contrib/humanize/templatetags/humanize.py,203,19,ugettext,right,django.utils.translation.ugettext,right,django/utils/translation/__init__.py:82
django/contrib/humanize/templatetags/humanize.py,231,19,ugettext,right,django.utils.translation.ugettext,right,django/utils/translation/__init__.py:82
django/contrib/messages/apps.py,7,19,ugettext_lazy,right,django.utils.translation.ugettext_lazy,right,django/utils/translation/__init__.py:101
django/contrib/postgres/apps.py,13,19,ugettext_lazy,right,django.utils.translation.ugettext_lazy,right,django/utils/translation/__init__.py:101
django/contrib/postgres/fields/array.py,20,24,ugettext_lazy,right,django.utils.translation.ugettext_lazy,right,django/utils/translation/__init__.py:101
django/contrib/postgres/fields/array.py,21,33,ugettext_lazy,right,django.utils.translation.ugettext_lazy,right,django/utils/translation/__init__.py:101
django/contrib/postgres/fields/hstore.py,15,18,ugettext_lazy,right,django.utils.translation.ugettext_lazy,right,django/utils/translation/__init__.py:101
django/contrib/postgres/fields/hstore.py,17,24,ugettext_lazy,right,django.utils.translation.ugettext_lazy,right,django/utils/translation/__init__.py:101
django/contrib/postgres/fields/jsonb.py,30,18,ugettext_lazy,right,django.utils.translation.ugettext_lazy,right,django/utils/translation/__init__.py:101
django/contrib/postgres/fields/jsonb.py,32,19,ugettext_lazy,right,django.utils.translation.ugettext_lazy,right,django/utils/translation/__init__.py:101
django/contrib/postgres/forms/array.py,17,24,ugettext_lazy,right,django.utils.translation.ugettext_lazy,right,django/utils/translation/__init__.py:101
django/contrib/postgres/forms/array.py,155,24,ugettext_lazy,right,django.utils.translation.ugettext_lazy,right,django/utils/translation/__init__.py:101
django/contrib/postgres/forms/hstore.py,16,24,ugettext_lazy,right,django.utils.translation.ugettext_lazy,right,django/utils/translation/__init__.py:101
django/contrib/postgres/forms/hstore.py,17,26,ugettext_lazy,right,django.utils.translation.ugettext_lazy,right,django/utils/translation/__init__.py:101
django/contrib/postgres/forms/jsonb.py,19,19,ugettext_lazy,right,django.utils.translation.ugettext_lazy,right,django/utils/translation/__init__.py:101
django/contrib/postgres/forms/ranges.py,13,19,ugettext_lazy,right,django.utils.translation.ugettext_lazy,right,django/utils/translation/__init__.py:101
django/contrib/postgres/forms/ranges.py,14,26,ugettext_lazy,right,django.utils.translation.ugettext_lazy,right,django/utils/translation/__init__.py:101
django/contrib/postgres/forms/ranges.py,61,41,ugettext_lazy,right,django.utils.translation.ugettext_lazy,right,django/utils/translation/__init__.py:101
django/contrib/postgres/forms/ranges.py,67,41,ugettext_lazy,right,django.utils.translation.ugettext_lazy,right,django/utils/translation/__init__.py:101
django/contrib/postgres/forms/ranges.py,73,41,ugettext_lazy,right,django.utils.translation.ugettext_lazy,right,django/utils/translation/__init__.py:101
django/contrib/postgres/forms/ranges.py,79,41,ugettext_lazy,right,django.utils.translation.ugettext_lazy,right,django/utils/translation/__init__.py:101
django/contrib/postgres/validators.py,31,24,ugettext_lazy,right,django.utils.translation.ugettext_lazy,right,django/utils/translation/__init__.py:101
django/contrib/postgres/validators.py,32,22,ugettext_lazy,right,django.utils.translation.ugettext_lazy,right,django/utils/translation/__init__.py:101
django/contrib/postgres/validators.py,73,14,ugettext_lazy,right,django.utils.translation.ugettext_lazy,right,django/utils/translation/__init__.py:101
django/contrib/postgres/validators.py,79,14,ugettext_lazy,right,django.utils.translation.ugettext_lazy,right,django/utils/translation/__init__.py:101
django/contrib/redirects/apps.py,7,19,ugettext_lazy,right,django.utils.translation.ugettext_lazy,right,django/utils/translation/__init__.py:101
django/contrib/redirects/models.py,7,64,ugettext_lazy,right,django.utils.translation.ugettext_lazy,right,django/utils/translation/__init__.py:101
django/contrib/redirects/models.py,9,8,ugettext_lazy,right,django.utils.translation.ugettext_lazy,right,django/utils/translation/__init__.py:101
django/contrib/redirects/models.py,12,18,ugettext_lazy,right,django.utils.translation.ugettext_lazy,right,django/utils/translation/__init__.py:101
django/contrib/redirects/models.py,15,8,ugettext_lazy,right,django.utils.translation.ugettext_lazy,right,django/utils/translation/__init__.py:101
django/contrib/redirects/models.py,18,18,ugettext_lazy,right,django.utils.translation.ugettext_lazy,right,django/utils/translation/__init__.py:101
django/contrib/redirects/models.py,22,23,ugettext_lazy,right,django.utils.translation.ugettext_lazy,right,django/utils/translation/__init__.py:101
django/contrib/redirects/models.py,23,30,ugettext_lazy,right,django.utils.translation.ugettext_lazy,right,django/utils/translation/__init__.py:101
django/contrib/sessions/apps.py,7,19,ugettext_lazy,right,django.utils.translation.ugettext_lazy,right,django/utils/translation/__init__.py:101
django/contrib/sessions/base_session.py,27,35,ugettext_lazy,right,django.utils.translation.ugettext_lazy,right,django/utils/translation/__init__.py:101
django/contrib/sessions/base_session.py,28,36,ugettext_lazy,right,django.utils.translation.ugettext_lazy,right,django/utils/translation/__init__.py:101
django/contrib/sessions/base_session.py,29,39,ugettext_lazy,right,django.utils.translation.ugettext_lazy,right,django/utils/translation/__init__.py:101
django/contrib/sessions/base_session.py,35,23,ugettext_lazy,right,django.utils.translation.ugettext_lazy,right,django/utils/translation/__init__.py:101
django/contrib/sessions/base_session.py,36,30,ugettext_lazy,right,django.utils.translation.ugettext_lazy,right,django/utils/translation/__init__.py:101
django/contrib/sitemaps/apps.py,7,19,ugettext_lazy,right,django.utils.translation.ugettext_lazy,right,django/utils/translation/__init__.py:101
django/contrib/sites/apps.py,10,19,ugettext_lazy,right,django.utils.translation.ugettext_lazy,right,django/utils/translation/__init__.py:101
django/contrib/sites/models.py,22,12,ugettext_lazy,right,django.utils.translation.ugettext_lazy,right,django/utils/translation/__init__.py:101
django/contrib/sites/models.py,83,8,ugettext_lazy,right,django.utils.translation.ugettext_lazy,right,django/utils/translation/__init__.py:101
django/contrib/sites/models.py,88,28,ugettext_lazy,right,django.utils.translation.ugettext_lazy,right,django/utils/translation/__init__.py:101
django/contrib/sites/models.py,93,23,ugettext_lazy,right,django.utils.translation.ugettext_lazy,right,django/utils/translation/__init__.py:101
django/contrib/sites/models.py,94,30,ugettext_lazy,right,django.utils.translation.ugettext_lazy,right,django/utils/translation/__init__.py:101
django/contrib/staticfiles/apps.py,9,19,ugettext_lazy,right,django.utils.translation.ugettext_lazy,right,django/utils/translation/__init__.py:101
django/contrib/syndication/apps.py,7,19,ugettext_lazy,right,django.utils.translation.ugettext_lazy,right,django/utils/translation/__init__.py:101
django/core/paginator.py,42,35,ugettext_lazy,right,django.utils.translation.ugettext_lazy,right,django/utils/translation/__init__.py:101
django/core/paginator.py,44,28,ugettext_lazy,right,django.utils.translation.ugettext_lazy,right,django/utils/translation/__init__.py:101
django/core/paginator.py,49,32,ugettext_lazy,right,django.utils.translation.ugettext_lazy,right,django/utils/translation/__init__.py:101
django/core/validators.py,32,14,ugettext_lazy,right,django.utils.translation.ugettext_lazy,right,django/utils/translation/__init__.py:101
django/core/validators.py,102,14,ugettext_lazy,right,django.utils.translation.ugettext_lazy,right,django/utils/translation/__init__.py:101
django/core/validators.py,155,12,ugettext_lazy,right,django.utils.translation.ugettext_lazy,right,django/utils/translation/__init__.py:101
django/core/validators.py,166,14,ugettext_lazy,right,django.utils.translation.ugettext_lazy,right,django/utils/translation/__init__.py:101
django/core/validators.py,240,4,ugettext_lazy,right,django.utils.translation.ugettext_lazy,right,django/utils/translation/__init__.py:101
django/core/validators.py,247,4,ugettext_lazy,right,django.utils.translation.ugettext_lazy,right,django/utils/translation/__init__.py:101
django/core/validators.py,256,30,ugettext_lazy,right,django.utils.translation.ugettext_lazy,right,django/utils/translation/__init__.py:101
django/core/validators.py,261,30,ugettext_lazy,right,django.utils.translation.ugettext_lazy,right,django/utils/translation/__init__.py:101
django/core/validators.py,271,34,ugettext_lazy,right,django.utils.translation.ugettext_lazy,right,django/utils/translation/__init__.py:101
django/core/validators.py,275,39,ugettext_lazy,right,django.utils.translation.ugettext_lazy,right,django/utils/translation/__init__.py:101
django/core/validators.py,276,38,ugettext_lazy,right,django.utils.translation.ugettext_lazy,right,django/utils/translation/__init__.py:101
django/core/validators.py,277,38,ugettext_lazy,right,django.utils.translation.ugettext_lazy,right,django/utils/translation/__init__.py:101
django/core/validators.py,307,12,ugettext_lazy,right,django.utils.translation.ugettext_lazy,right,django/utils/translation/__init__.py:101
django/core/validators.py,313,14,ugettext_lazy,right,django.utils.translation.ugettext_lazy,right,django/utils/translation/__init__.py:101
django/core/validators.py,344,14,ugettext_lazy,right,django.utils.translation.ugettext_lazy,right,django/utils/translation/__init__.py:101
django/core/validators.py,353,14,ugettext_lazy,right,django.utils.translation.ugettext_lazy,right,django/utils/translation/__init__.py:101
django/core/validators.py,461,14,ugettext_lazy,right,django.utils.translation.ugettext_lazy,right,django/utils/translation/__init__.py:101
django/db/models/base.py,1119,65,ugettext_lazy,right,django.utils.translation.ugettext_lazy,right,django/utils/translation/__init__.py:101
django/db/models/base.py,1121,24,ugettext_lazy,right,django.utils.translation.ugettext_lazy,right,django/utils/translation/__init__.py:101
django/db/models/fields/__init__.py,105,26,ugettext_lazy,right,django.utils.translation.ugettext_lazy,right,django/utils/translation/__init__.py:101
django/db/models/fields/__init__.py,106,16,ugettext_lazy,right,django.utils.translation.ugettext_lazy,right,django/utils/translation/__init__.py:101
django/db/models/fields/__init__.py,107,17,ugettext_lazy,right,django.utils.translation.ugettext_lazy,right,django/utils/translation/__init__.py:101
django/db/models/fields/__init__.py,108,18,ugettext_lazy,right,django.utils.translation.ugettext_lazy,right,django/utils/translation/__init__.py:101
django/db/models/fields/__init__.py,112,27,ugettext_lazy,right,django.utils.translation.ugettext_lazy,right,django/utils/translation/__init__.py:101
django/db/models/fields/__init__.py,129,15,ugettext_lazy,right,django.utils.translation.ugettext_lazy,right,django/utils/translation/__init__.py:101
django/db/models/fields/__init__.py,861,18,ugettext_lazy,right,django.utils.translation.ugettext_lazy,right,django/utils/translation/__init__.py:101
django/db/models/fields/__init__.py,865,19,ugettext_lazy,right,django.utils.translation.ugettext_lazy,right,django/utils/translation/__init__.py:101
django/db/models/fields/__init__.py,938,18,ugettext_lazy,right,django.utils.translation.ugettext_lazy,right,django/utils/translation/__init__.py:101
django/db/models/fields/__init__.py,950,19,ugettext_lazy,right,django.utils.translation.ugettext_lazy,right,django/utils/translation/__init__.py:101
django/db/models/fields/__init__.py,952,18,ugettext_lazy,right,django.utils.translation.ugettext_lazy,right,django/utils/translation/__init__.py:101
django/db/models/fields/__init__.py,1018,18,ugettext_lazy,right,django.utils.translation.ugettext_lazy,right,django/utils/translation/__init__.py:101
django/db/models/fields/__init__.py,1075,18,ugettext_lazy,right,django.utils.translation.ugettext_lazy,right,django/utils/translation/__init__.py:101
django/db/models/fields/__init__.py,1123,19,ugettext_lazy,right,django.utils.translation.ugettext_lazy,right,django/utils/translation/__init__.py:101
django/db/models/fields/__init__.py,1125,24,ugettext_lazy,right,django.utils.translation.ugettext_lazy,right,django/utils/translation/__init__.py:101
django/db/models/fields/__init__.py,1128,18,ugettext_lazy,right,django.utils.translation.ugettext_lazy,right,django/utils/translation/__init__.py:101
django/db/models/fields/__init__.py,1268,19,ugettext_lazy,right,django.utils.translation.ugettext_lazy,right,django/utils/translation/__init__.py:101
django/db/models/fields/__init__.py,1270,24,ugettext_lazy,right,django.utils.translation.ugettext_lazy,right,django/utils/translation/__init__.py:101
django/db/models/fields/__init__.py,1272,28,ugettext_lazy,right,django.utils.translation.ugettext_lazy,right,django/utils/translation/__init__.py:101
django/db/models/fields/__init__.py,1276,18,ugettext_lazy,right,django.utils.translation.ugettext_lazy,right,django/utils/translation/__init__.py:101
django/db/models/fields/__init__.py,1426,19,ugettext_lazy,right,django.utils.translation.ugettext_lazy,right,django/utils/translation/__init__.py:101
django/db/models/fields/__init__.py,1428,18,ugettext_lazy,right,django.utils.translation.ugettext_lazy,right,django/utils/translation/__init__.py:101
django/db/models/fields/__init__.py,1579,19,ugettext_lazy,right,django.utils.translation.ugettext_lazy,right,django/utils/translation/__init__.py:101
django/db/models/fields/__init__.py,1582,18,ugettext_lazy,right,django.utils.translation.ugettext_lazy,right,django/utils/translation/__init__.py:101
django/db/models/fields/__init__.py,1634,18,ugettext_lazy,right,django.utils.translation.ugettext_lazy,right,django/utils/translation/__init__.py:101
django/db/models/fields/__init__.py,1658,18,ugettext_lazy,right,django.utils.translation.ugettext_lazy,right,django/utils/translation/__init__.py:101
django/db/models/fields/__init__.py,1724,19,ugettext_lazy,right,django.utils.translation.ugettext_lazy,right,django/utils/translation/__init__.py:101
django/db/models/fields/__init__.py,1726,18,ugettext_lazy,right,django.utils.translation.ugettext_lazy,right,django/utils/translation/__init__.py:101
django/db/models/fields/__init__.py,1758,19,ugettext_lazy,right,django.utils.translation.ugettext_lazy,right,django/utils/translation/__init__.py:101
django/db/models/fields/__init__.py,1760,18,ugettext_lazy,right,django.utils.translation.ugettext_lazy,right,django/utils/translation/__init__.py:101
django/db/models/fields/__init__.py,1829,18,ugettext_lazy,right,django.utils.translation.ugettext_lazy,right,django/utils/translation/__init__.py:101
django/db/models/fields/__init__.py,1844,18,ugettext_lazy,right,django.utils.translation.ugettext_lazy,right,django/utils/translation/__init__.py:101
django/db/models/fields/__init__.py,1875,18,ugettext_lazy,right,django.utils.translation.ugettext_lazy,right,django/utils/translation/__init__.py:101
django/db/models/fields/__init__.py,1956,19,ugettext_lazy,right,django.utils.translation.ugettext_lazy,right,django/utils/translation/__init__.py:101
django/db/models/fields/__init__.py,1958,18,ugettext_lazy,right,django.utils.translation.ugettext_lazy,right,django/utils/translation/__init__.py:101
django/db/models/fields/__init__.py,2021,18,ugettext_lazy,right,django.utils.translation.ugettext_lazy,right,django/utils/translation/__init__.py:101
django/db/models/fields/__init__.py,2033,18,ugettext_lazy,right,django.utils.translation.ugettext_lazy,right,django/utils/translation/__init__.py:101
django/db/models/fields/__init__.py,2046,18,ugettext_lazy,right,django.utils.translation.ugettext_lazy,right,django/utils/translation/__init__.py:101
django/db/models/fields/__init__.py,2076,18,ugettext_lazy,right,django.utils.translation.ugettext_lazy,right,django/utils/translation/__init__.py:101
django/db/models/fields/__init__.py,2083,18,ugettext_lazy,right,django.utils.translation.ugettext_lazy,right,django/utils/translation/__init__.py:101
django/db/models/fields/__init__.py,2109,19,ugettext_lazy,right,django.utils.translation.ugettext_lazy,right,django/utils/translation/__init__.py:101
django/db/models/fields/__init__.py,2111,24,ugettext_lazy,right,django.utils.translation.ugettext_lazy,right,django/utils/translation/__init__.py:101
django/db/models/fields/__init__.py,2114,18,ugettext_lazy,right,django.utils.translation.ugettext_lazy,right,django/utils/translation/__init__.py:101
django/db/models/fields/__init__.py,2242,18,ugettext_lazy,right,django.utils.translation.ugettext_lazy,right,django/utils/translation/__init__.py:101
django/db/models/fields/__init__.py,2265,18,ugettext_lazy,right,django.utils.translation.ugettext_lazy,right,django/utils/translation/__init__.py:101
django/db/models/fields/__init__.py,2312,19,ugettext_lazy,right,django.utils.translation.ugettext_lazy,right,django/utils/translation/__init__.py:101
django/db/models/fields/files.py,222,18,ugettext_lazy,right,django.utils.translation.ugettext_lazy,right,django/utils/translation/__init__.py:101
django/db/models/fields/files.py,370,18,ugettext_lazy,right,django.utils.translation.ugettext_lazy,right,django/utils/translation/__init__.py:101
django/db/models/fields/related.py,764,19,ugettext_lazy,right,django.utils.translation.ugettext_lazy,right,django/utils/translation/__init__.py:101
django/db/models/fields/related.py,766,18,ugettext_lazy,right,django.utils.translation.ugettext_lazy,right,django/utils/translation/__init__.py:101
django/db/models/fields/related.py,980,18,ugettext_lazy,right,django.utils.translation.ugettext_lazy,right,django/utils/translation/__init__.py:101
django/db/models/fields/related.py,1030,24,ugettext_lazy,right,django.utils.translation.ugettext_lazy,right,django/utils/translation/__init__.py:101
django/db/models/fields/related.py,1031,31,ugettext_lazy,right,django.utils.translation.ugettext_lazy,right,django/utils/translation/__init__.py:101
django/db/models/fields/related.py,1073,18,ugettext_lazy,right,django.utils.translation.ugettext_lazy,right,django/utils/translation/__init__.py:101
django/forms/boundfield.py,170,61,ugettext_lazy,right,django.utils.translation.ugettext_lazy,right,django/utils/translation/__init__.py:101
django/forms/fields.py,53,20,ugettext_lazy,right,django.utils.translation.ugettext_lazy,right,django/utils/translation/__init__.py:101
django/forms/fields.py,247,19,ugettext_lazy,right,django.utils.translation.ugettext_lazy,right,django/utils/translation/__init__.py:101
django/forms/fields.py,292,19,ugettext_lazy,right,django.utils.translation.ugettext_lazy,right,django/utils/translation/__init__.py:101
django/forms/fields.py,329,19,ugettext_lazy,right,django.utils.translation.ugettext_lazy,right,django/utils/translation/__init__.py:101
django/forms/fields.py,403,19,ugettext_lazy,right,django.utils.translation.ugettext_lazy,right,django/utils/translation/__init__.py:101
django/forms/fields.py,427,19,ugettext_lazy,right,django.utils.translation.ugettext_lazy,right,django/utils/translation/__init__.py:101
django/forms/fields.py,449,19,ugettext_lazy,right,django.utils.translation.ugettext_lazy,right,django/utils/translation/__init__.py:101
django/forms/fields.py,478,19,ugettext_lazy,right,django.utils.translation.ugettext_lazy,right,django/utils/translation/__init__.py:101
django/forms/fields.py,534,19,ugettext_lazy,right,django.utils.translation.ugettext_lazy,right,django/utils/translation/__init__.py:101
django/forms/fields.py,535,19,ugettext_lazy,right,django.utils.translation.ugettext_lazy,right,django/utils/translation/__init__.py:101
django/forms/fields.py,536,17,ugettext_lazy,right,django.utils.translation.ugettext_lazy,right,django/utils/translation/__init__.py:101
django/forms/fields.py,541,25,ugettext_lazy,right,django.utils.translation.ugettext_lazy,right,django/utils/translation/__init__.py:101
django/forms/fields.py,602,25,ugettext_lazy,right,django.utils.translation.ugettext_lazy,right,django/utils/translation/__init__.py:101
django/forms/fields.py,655,19,ugettext_lazy,right,django.utils.translation.ugettext_lazy,right,django/utils/translation/__init__.py:101
django/forms/fields.py,758,26,ugettext_lazy,right,django.utils.translation.ugettext_lazy,right,django/utils/translation/__init__.py:101
django/forms/fields.py,854,26,ugettext_lazy,right,django.utils.translation.ugettext_lazy,right,django/utils/translation/__init__.py:101
django/forms/fields.py,855,24,ugettext_lazy,right,django.utils.translation.ugettext_lazy,right,django/utils/translation/__init__.py:101
django/forms/fields.py,970,19,ugettext_lazy,right,django.utils.translation.ugettext_lazy,right,django/utils/translation/__init__.py:101
django/forms/fields.py,971,22,ugettext_lazy,right,django.utils.translation.ugettext_lazy,right,django/utils/translation/__init__.py:101
django/forms/fields.py,1127,24,ugettext_lazy,right,django.utils.translation.ugettext_lazy,right,django/utils/translation/__init__.py:101
django/forms/fields.py,1128,24,ugettext_lazy,right,django.utils.translation.ugettext_lazy,right,django/utils/translation/__init__.py:101
django/forms/fields.py,1186,19,ugettext_lazy,right,django.utils.translation.ugettext_lazy,right,django/utils/translation/__init__.py:101
django/forms/forms.py,87,74,ugettext,right,django.utils.translation.ugettext,right,django/utils/translation/__init__.py:82
django/forms/forms.py,213,25,ugettext,right,django.utils.translation.ugettext,right,django/utils/translation/__init__.py:82
django/forms/formsets.py,88,20,ugettext,right,django.utils.translation.ugettext,right,django/utils/translation/__init__.py:82
django/forms/formsets.py,380,70,ugettext,right,django.utils.translation.ugettext,right,django/utils/translation/__init__.py:82
django/forms/formsets.py,382,70,ugettext,right,django.utils.translation.ugettext,right,django/utils/translation/__init__.py:82
django/forms/formsets.py,384,66,ugettext,right,django.utils.translation.ugettext,right,django/utils/translation/__init__.py:82
django/forms/models.py,727,53,ugettext_lazy,right,django.utils.translation.ugettext_lazy,right,django/utils/translation/__init__.py:101
django/forms/models.py,1065,26,ugettext_lazy,right,django.utils.translation.ugettext_lazy,right,django/utils/translation/__init__.py:101
django/forms/models.py,1126,26,ugettext_lazy,right,django.utils.translation.ugettext_lazy,right,django/utils/translation/__init__.py:101
django/forms/models.py,1233,16,ugettext_lazy,right,django.utils.translation.ugettext_lazy,right,django/utils/translation/__init__.py:101
django/forms/models.py,1234,26,ugettext_lazy,right,django.utils.translation.ugettext_lazy,right,django/utils/translation/__init__.py:101
django/forms/models.py,1236,28,ugettext_lazy,right,django.utils.translation.ugettext_lazy,right,django/utils/translation/__init__.py:101
django/forms/utils.py,160,16,ugettext_lazy,right,django.utils.translation.ugettext_lazy,right,django/utils/translation/__init__.py:101
django/utils/dateformat.py,63,19,ugettext,right,django.utils.translation.ugettext,right,django/utils/translation/__init__.py:82
django/utils/dateformat.py,64,15,ugettext,right,django.utils.translation.ugettext,right,django/utils/translation/__init__.py:82
django/utils/dateformat.py,69,19,ugettext,right,django.utils.translation.ugettext,right,django/utils/translation/__init__.py:82
django/utils/dateformat.py,70,15,ugettext,right,django.utils.translation.ugettext,right,django/utils/translation/__init__.py:82
django/utils/dateformat.py,153,19,ugettext,right,django.utils.translation.ugettext,right,django/utils/translation/__init__.py:82
django/utils/dateformat.py,155,19,ugettext,right,django.utils.translation.ugettext,right,django/utils/translation/__init__.py:82
django/utils/dates.py,6,7,ugettext_lazy,right,django.utils.translation.ugettext_lazy,right,django/utils/translation/__init__.py:101
django/utils/dates.py,6,23,ugettext_lazy,right,django.utils.translation.ugettext_lazy,right,django/utils/translation/__init__.py:101
django/utils/dates.py,6,40,ugettext_lazy,right,django.utils.translation.ugettext_lazy,right,django/utils/translation/__init__.py:101
django/utils/dates.py,6,59,ugettext_lazy,right,django.utils.translation.ugettext_lazy,right,django/utils/translation/__init__.py:101
django/utils/dates.py,6,77,ugettext_lazy,right,django.utils.translation.ugettext_lazy,right,django/utils/translation/__init__.py:101
django/utils/dates.py,7,7,ugettext_lazy,right,django.utils.translation.ugettext_lazy,right,django/utils/translation/__init__.py:101
django/utils/dates.py,7,25,ugettext_lazy,right,django.utils.translation.ugettext_lazy,right,django/utils/translation/__init__.py:101
django/utils/dates.py,10,7,ugettext_lazy,right,django.utils.translation.ugettext_lazy,right,django/utils/translation/__init__.py:101
django/utils/dates.py,10,20,ugettext_lazy,right,django.utils.translation.ugettext_lazy,right,django/utils/translation/__init__.py:101
django/utils/dates.py,10,33,ugettext_lazy,right,django.utils.translation.ugettext_lazy,right,django/utils/translation/__init__.py:101
django/utils/dates.py,10,46,ugettext_lazy,right,django.utils.translation.ugettext_lazy,right,django/utils/translation/__init__.py:101
django/utils/dates.py,10,59,ugettext_lazy,right,django.utils.translation.ugettext_lazy,right,django/utils/translation/__init__.py:101
django/utils/dates.py,11,7,ugettext_lazy,right,django.utils.translation.ugettext_lazy,right,django/utils/translation/__init__.py:101
django/utils/dates.py,11,20,ugettext_lazy,right,django.utils.translation.ugettext_lazy,right,django/utils/translation/__init__.py:101
django/utils/dates.py,18,7,ugettext_lazy,right,django.utils.translation.ugettext_lazy,right,django/utils/translation/__init__.py:101
django/utils/dates.py,18,24,ugettext_lazy,right,django.utils.translation.ugettext_lazy,right,django/utils/translation/__init__.py:101
django/utils/dates.py,18,42,ugettext_lazy,right,django.utils.translation.ugettext_lazy,right,django/utils/translation/__init__.py:101
django/utils/dates.py,18,57,ugettext_lazy,right,django.utils.translation.ugettext_lazy,right,django/utils/translation/__init__.py:101
django/utils/dates.py,18,72,ugettext_lazy,right,django.utils.translation.ugettext_lazy,right,django/utils/translation/__init__.py:101
django/utils/dates.py,18,85,ugettext_lazy,right,django.utils.translation.ugettext_lazy,right,django/utils/translation/__init__.py:101
django/utils/dates.py,19,7,ugettext_lazy,right,django.utils.translation.ugettext_lazy,right,django/utils/translation/__init__.py:101
django/utils/dates.py,19,21,ugettext_lazy,right,django.utils.translation.ugettext_lazy,right,django/utils/translation/__init__.py:101
django/utils/dates.py,19,37,ugettext_lazy,right,django.utils.translation.ugettext_lazy,right,django/utils/translation/__init__.py:101
django/utils/dates.py,19,57,ugettext_lazy,right,django.utils.translation.ugettext_lazy,right,django/utils/translation/__init__.py:101
django/utils/dates.py,19,75,ugettext_lazy,right,django.utils.translation.ugettext_lazy,right,django/utils/translation/__init__.py:101
django/utils/dates.py,20,8,ugettext_lazy,right,django.utils.translation.ugettext_lazy,right,django/utils/translation/__init__.py:101
django/utils/dates.py,23,7,ugettext_lazy,right,django.utils.translation.ugettext_lazy,right,django/utils/translation/__init__.py:101
django/utils/dates.py,23,20,ugettext_lazy,right,django.utils.translation.ugettext_lazy,right,django/utils/translation/__init__.py:101
django/utils/dates.py,23,33,ugettext_lazy,right,django.utils.translation.ugettext_lazy,right,django/utils/translation/__init__.py:101
django/utils/dates.py,23,46,ugettext_lazy,right,django.utils.translation.ugettext_lazy,right,django/utils/translation/__init__.py:101
django/utils/dates.py,23,59,ugettext_lazy,right,django.utils.translation.ugettext_lazy,right,django/utils/translation/__init__.py:101
django/utils/dates.py,23,72,ugettext_lazy,right,django.utils.translation.ugettext_lazy,right,django/utils/translation/__init__.py:101
django/utils/dates.py,24,7,ugettext_lazy,right,django.utils.translation.ugettext_lazy,right,django/utils/translation/__init__.py:101
django/utils/dates.py,24,20,ugettext_lazy,right,django.utils.translation.ugettext_lazy,right,django/utils/translation/__init__.py:101
django/utils/dates.py,24,33,ugettext_lazy,right,django.utils.translation.ugettext_lazy,right,django/utils/translation/__init__.py:101
django/utils/dates.py,24,47,ugettext_lazy,right,django.utils.translation.ugettext_lazy,right,django/utils/translation/__init__.py:101
django/utils/dates.py,24,61,ugettext_lazy,right,django.utils.translation.ugettext_lazy,right,django/utils/translation/__init__.py:101
django/utils/dates.py,24,75,ugettext_lazy,right,django.utils.translation.ugettext_lazy,right,django/utils/translation/__init__.py:101
django/utils/ipv6.py,8,37,ugettext_lazy,right,django.utils.translation.ugettext_lazy,right,django/utils/translation/__init__.py:101
django/utils/text.py,262,8,ugettext,right,django.utils.translation.ugettext,right,django/utils/translation/__init__.py:82
django/views/csrf.py,109,17,ugettext,right,django.utils.translation.ugettext,right,django/utils/translation/__init__.py:82
django/views/csrf.py,110,16,ugettext,right,django.utils.translation.ugettext,right,django/utils/translation/__init__.py:82
django/views/csrf.py,113,23,ugettext,right,django.utils.translation.ugettext,right,django/utils/translation/__init__.py:82
django/views/csrf.py,118,23,ugettext,right,django.utils.translation.ugettext,right,django/utils/translation/__init__.py:82
django/views/csrf.py,123,22,ugettext,right,django.utils.translation.ugettext,right,django/utils/translation/__init__.py:82
django/views/csrf.py,128,22,ugettext,right,django.utils.translation.ugettext,right,django/utils/translation/__init__.py:82
django/views/csrf.py,134,16,ugettext,right,django.utils.translation.ugettext,right,django/utils/translation/__init__.py:82
django/views/debug.py,503,17,ugettext,right,django.utils.translation.ugettext,right,django/utils/translation/__init__.py:82
django/views/debug.py,504,19,ugettext,right,django.utils.translation.ugettext,right,django/utils/translation/__init__.py:82
django/views/debug.py,505,22,ugettext,right,django.utils.translation.ugettext,right,django/utils/translation/__init__.py:82
django/views/debug.py,506,24,ugettext,right,django.utils.translation.ugettext,right,django/utils/translation/__init__.py:82
django/views/debug.py,509,23,ugettext,right,django.utils.translation.ugettext,right,django/utils/translation/__init__.py:82
django/views/generic/dates.py,46,34,ugettext,right,django.utils.translation.ugettext,right,django/utils/translation/__init__.py:82
django/views/generic/dates.py,102,34,ugettext,right,django.utils.translation.ugettext,right,django/utils/translation/__init__.py:82
django/views/generic/dates.py,161,34,ugettext,right,django.utils.translation.ugettext,right,django/utils/translation/__init__.py:82
django/views/generic/dates.py,217,34,ugettext,right,django.utils.translation.ugettext,right,django/utils/translation/__init__.py:82
django/views/generic/dates.py,376,30,ugettext,right,django.utils.translation.ugettext,right,django/utils/translation/__init__.py:82
django/views/generic/dates.py,404,26,ugettext,right,django.utils.translation.ugettext,right,django/utils/translation/__init__.py:82
django/views/generic/dates.py,657,26,ugettext,right,django.utils.translation.ugettext,right,django/utils/translation/__init__.py:82
django/views/generic/dates.py,692,22,ugettext,right,django.utils.translation.ugettext,right,django/utils/translation/__init__.py:82
django/views/generic/detail.py,53,26,ugettext,right,django.utils.translation.ugettext,right,django/utils/translation/__init__.py:82
django/views/generic/list.py,73,30,ugettext,right,django.utils.translation.ugettext,right,django/utils/translation/__init__.py:82
django/views/generic/list.py,78,26,ugettext,right,django.utils.translation.ugettext,right,django/utils/translation/__init__.py:82
django/views/generic/list.py,168,30,ugettext,right,django.utils.translation.ugettext,right,django/utils/translation/__init__.py:82
django/views/static.py,56,22,ugettext,right,django.utils.translation.ugettext,right,django/utils/translation/__init__.py:82
django/views/static.py,58,22,ugettext,right,django.utils.translation.ugettext,right,django/utils/translation/__init__.py:82
tests/admin_utils/models.py,18,57,ugettext_lazy,right,django.utils.translation.ugettext_lazy,right,django/utils/translation/__init__.py:101
tests/auth_tests/test_forms.py,581,22,ugettext,right,django.utils.translation.ugettext,right,django/utils/translation/__init__.py:82
tests/auth_tests/test_forms.py,586,22,ugettext,right,django.utils.translation.ugettext,right,django/utils/translation/__init__.py:82
tests/auth_tests/test_forms.py,591,22,ugettext,right,django.utils.translation.ugettext,right,django/utils/translation/__init__.py:82
tests/auth_tests/test_forms.py,596,22,ugettext,right,django.utils.translation.ugettext,right,django/utils/translation/__init__.py:82
tests/auth_tests/test_forms.py,666,48,ugettext,right,django.utils.translation.ugettext,right,django/utils/translation/__init__.py:82
tests/auth_tests/test_forms.py,826,22,ugettext,right,django.utils.translation.ugettext,right,django/utils/translation/__init__.py:82
tests/auth_tests/test_management.py,212,38,ugettext_lazy,right,django.utils.translation.ugettext_lazy,right,django/utils/translation/__init__.py:101
tests/humanize_tests/tests.py,149,23,ugettext,right,django.utils.translation.ugettext,right,django/utils/translation/__init__.py:82
tests/humanize_tests/tests.py,149,35,ugettext,right,django.utils.translation.ugettext,right,django/utils/translation/__init__.py:82
tests/humanize_tests/tests.py,149,51,ugettext,right,django.utils.translation.ugettext,right,django/utils/translation/__init__.py:82
tests/i18n/commands/__init__.py,4,9,ugettext,right,django.utils.translation.ugettext,right,django/utils/translation/__init__.py:82
tests/i18n/commands/__init__.py,7,9,ugettext,right,django.utils.translation.ugettext,right,django/utils/translation/__init__.py:82
tests/i18n/commands/__init__.py,14,9,ugettext,right,django.utils.translation.ugettext,right,django/utils/translation/__init__.py:82
tests/i18n/commands/__init__.py,17,9,ugettext,right,django.utils.translation.ugettext,right,django/utils/translation/__init__.py:82
tests/i18n/exclude/__init__.py,9,9,ugettext,right,django.utils.translation.ugettext,right,django/utils/translation/__init__.py:82
tests/i18n/exclude/__init__.py,12,9,ugettext,right,django.utils.translation.ugettext,right,django/utils/translation/__init__.py:82
tests/i18n/models.py,8,51,ugettext_lazy,right,django.utils.translation.ugettext_lazy,right,django/utils/translation/__init__.py:101
tests/i18n/models.py,18,23,ugettext_lazy,right,django.utils.translation.ugettext_lazy,right,django/utils/translation/__init__.py:101
tests/i18n/patterns/urls/default.py,11,8,ugettext_lazy,right,django.utils.translation.ugettext_lazy,right,django/utils/translation/__init__.py:101
tests/i18n/patterns/urls/default.py,12,8,ugettext_lazy,right,django.utils.translation.ugettext_lazy,right,django/utils/translation/__init__.py:101
tests/i18n/patterns/urls/default.py,18,8,ugettext_lazy,right,django.utils.translation.ugettext_lazy,right,django/utils/translation/__init__.py:101
tests/i18n/patterns/urls/default.py,19,8,ugettext_lazy,right,django.utils.translation.ugettext_lazy,right,django/utils/translation/__init__.py:101
tests/i18n/patterns/urls/namespace.py,9,8,ugettext_lazy,right,django.utils.translation.ugettext_lazy,right,django/utils/translation/__init__.py:101
tests/i18n/patterns/urls/namespace.py,10,8,ugettext_lazy,right,django.utils.translation.ugettext_lazy,right,django/utils/translation/__init__.py:101
tests/i18n/patterns/urls/wrong.py,6,8,ugettext_lazy,right,django.utils.translation.ugettext_lazy,right,django/utils/translation/__init__.py:101
tests/i18n/patterns/urls/wrong_namespace.py,10,8,ugettext_lazy,right,django.utils.translation.ugettext_lazy,right,django/utils/translation/__init__.py:101
tests/i18n/project_dir/__init__.py,4,9,ugettext,right,django.utils.translation.ugettext,right,django/utils/translation/__init__.py:82
tests/i18n/project_dir/app_no_locale/models.py,3,9,ugettext,right,django.utils.translation.ugettext,right,django/utils/translation/__init__.py:82
tests/i18n/project_dir/app_with_locale/models.py,3,9,ugettext,right,django.utils.translation.ugettext,right,django/utils/translation/__init__.py:82
tests/i18n/urls.py,8,58,ugettext_lazy,right,django.utils.translation.ugettext_lazy,right,django/utils/translation/__init__.py:101
tests/i18n/urls.py,8,73,ugettext_lazy,right,django.utils.translation.ugettext_lazy,right,django/utils/translation/__init__.py:101
tests/i18n/urls_default_unprefixed.py,7,70,ugettext_lazy,right,django.utils.translation.ugettext_lazy,right,django/utils/translation/__init__.py:101
tests/i18n/urls_default_unprefixed.py,8,45,ugettext_lazy,right,django.utils.translation.ugettext_lazy,right,django/utils/translation/__init__.py:101
tests/mail/tests.py,930,56,ugettext_lazy,wrong,tests.mail.tests.BaseEmailBackendTests.test_lazy_addresses._,wrong,tests/mail/tests.py:929
tests/mail/tests.py,930,70,ugettext_lazy,wrong,tests.mail.tests.BaseEmailBackendTests.test_lazy_addresses._,wrong,tests/mail/tests.py:929
tests/mail/tests.py,937,34,ugettext_lazy,wrong,tests.mail.tests.BaseEmailBackendTests.test_lazy_addresses._,wrong,tests/mail/tests.py:929
tests/mail/tests.py,937,48,ugettext_lazy,wrong,tests.mail.tests.BaseEmailBackendTests.test_lazy_addresses._,wrong,tests/mail/tests.py:929
tests/mail/tests.py,937,58,ugettext_lazy,wrong,tests.mail.tests.BaseEmailBackendTests.test_lazy_addresses._,wrong,tests/mail/tests.py:929
tests/mail/tests.py,938,16,ugettext_lazy,wrong,tests.mail.tests.BaseEmailBackendTests.test_lazy_addresses._,wrong,tests/mail/tests.py:929
tests/mail/tests.py,938,26,ugettext_lazy,wrong,tests.mail.tests.BaseEmailBackendTests.test_lazy_addresses._,wrong,tests/mail/tests.py:929
tests/mail/tests.py,939,17,ugettext_lazy,wrong,tests.mail.tests.BaseEmailBackendTests.test_lazy_addresses._,wrong,tests/mail/tests.py:929
tests/mail/tests.py,940,22,ugettext_lazy,wrong,tests.mail.tests.BaseEmailBackendTests.test_lazy_addresses._,wrong,tests/mail/tests.py:929
tests/migrations/test_writer.py,246,35,ugettext_lazy,right,django.utils.translation.ugettext_lazy,right,django/utils/translation/__init__.py:101
tests/queryset_pickle/models.py,32,28,ugettext_lazy,right,django.utils.translation.ugettext_lazy,right,django/utils/translation/__init__.py:101
tests/view_tests/urls.py,95,8,ugettext_lazy,right,django.utils.translation.ugettext_lazy,right,django/utils/translation/__init__.py:101
