file,line,col,alias,expected_symbol,binding_kind,binding_line,ambiguous,text
django/contrib/admin/actions.py,50,45,_,ugettext,import,12,no,"modeladmin.message_user(request, _(""Successfully deleted %(count)d %(items)s."") % {"
django/contrib/admin/actions.py,59,16,_,ugettext,import,12,no,"title = _(""Cannot delete %(name)s"") % {""name"": objects_name}"
django/contrib/admin/actions.py,61,16,_,ugettext,import,12,no,"title = _(""Are you sure?"")"
django/contrib/admin/apps.py,11,19,_,ugettext_lazy,import,4,no,"verbose_name = _(""Administration"")"
django/contrib/admin/filters.py,106,23,_,ugettext_lazy,import,18,no,"'display': _('All'),"
django/contrib/admin/filters.py,203,23,_,ugettext_lazy,import,18,no,"'display': _('All'),"
django/contrib/admin/filters.py,242,23,_,ugettext_lazy,import,18,no,"(None, _('All')),"
django/contrib/admin/filters.py,243,22,_,ugettext_lazy,import,18,no,"('1', _('Yes')),"
django/contrib/admin/filters.py,244,22,_,ugettext_lazy,import,18,no,"('0', _('No'))):"
django/contrib/admin/filters.py,258,27,_,ugettext_lazy,import,18,no,"'display': _('Unknown'),"
django/contrib/admin/filters.py,285,23,_,ugettext_lazy,import,18,no,'display': _('All')
django/contrib/admin/filters.py,337,13,_,ugettext_lazy,import,18,no,"(_('Any date'), {}),"
django/contrib/admin/filters.py,338,13,_,ugettext_lazy,import,18,no,"(_('Today'), {"
django/contrib/admin/filters.py,342,13,_,ugettext_lazy,import,18,no,"(_('Past 7 days'), {"
django/contrib/admin/filters.py,346,13,_,ugettext_lazy,import,18,no,"(_('This month'), {"
django/contrib/admin/filters.py,350,13,_,ugettext_lazy,import,18,no,"(_('This year'), {"
django/contrib/admin/filters.py,358,17,_,ugettext_lazy,import,18,no,"(_('No date'), {self.field_generic + 'isnull': 'True'}),"
django/contrib/admin/filters.py,359,17,_,ugettext_lazy,import,18,no,"(_('Has date'), {self.field_generic + 'isnull': 'False'}),"
django/contrib/admin/filters.py,411,23,_,ugettext_lazy,import,18,no,"'display': _('All'),"
django/contrib/admin/forms.py,11,25,_,ugettext_lazy,import,3,no,'invalid_login': _(
django/contrib/admin/helpers.py,22,37,_,ugettext_lazy,import,16,no,action = forms.ChoiceField(label=_('Action:'))
django/contrib/admin/models.py,36,8,_,ugettext_lazy,import,11,no,"_('action time'),"
django/contrib/admin/models.py,43,21,_,ugettext_lazy,import,11,no,"verbose_name=_('user'),"
django/contrib/admin/models.py,48,21,_,ugettext_lazy,import,11,no,"verbose_name=_('content type'),"
django/contrib/admin/models.py,51,33,_,ugettext_lazy,import,11,no,"object_id = models.TextField(_('object id'), blank=True, null=True)"
django/contrib/admin/models.py,53,35,_,ugettext_lazy,import,11,no,"object_repr = models.CharField(_('object repr'), max_length=200)"
django/contrib/admin/models.py,54,51,_,ugettext_lazy,import,11,no,action_flag = models.PositiveSmallIntegerField(_('action flag'))
django/contrib/admin/models.py,56,38,_,ugettext_lazy,import,11,no,"change_message = models.TextField(_('change message'), blank=True)"
django/contrib/admin/models.py,61,23,_,ugettext_lazy,import,11,no,verbose_name = _('log entry')
django/contrib/admin/models.py,62,30,_,ugettext_lazy,import,11,no,verbose_name_plural = _('log entries')
django/contrib/admin/options.py,195,39,_,ugettext,import,46,no,"blank_choice=[('', _('None'))]"
django/contrib/admin/options.py,223,36,_,ugettext,import,46,no,kwargs['empty_label'] = _('None') if db_field.blank else None
django/contrib/admin/options.py,257,18,_,ugettext,import,46,no,"msg = _('Hold down ""Control"", or ""Command"" on a Mac, to select more than one.')"
django/contrib/admin/options.py,1088,16,_,ugettext,import,46,no,"_('The {name} ""{obj}"" was added successfully. You may edit it again below.'),"
django/contrib/admin/options.py,1102,16,_,ugettext,import,46,no,"_('The {name} ""{obj}"" was added successfully. You may add another {name} below.'),"
django/contrib/admin/options.py,1112,16,_,ugettext,import,46,no,"_('The {name} ""{obj}"" was added successfully.'),"
django/contrib/admin/options.py,1154,16,_,ugettext,import,46,no,"_('The {name} ""{obj}"" was changed successfully. You may edit it again below.'),"
django/contrib/admin/options.py,1164,16,_,ugettext,import,46,no,"_('The {name} ""{obj}"" was added successfully. You may edit it again below.'),"
django/contrib/admin/options.py,1177,16,_,ugettext,import,46,no,"_('The {name} ""{obj}"" was changed successfully. You may add another {name} below.'),"
django/contrib/admin/options.py,1189,16,_,ugettext,import,46,no,"_('The {name} ""{obj}"" was changed successfully.'),"
django/contrib/admin/options.py,1274,22,_,ugettext,import,46,no,"msg = _(""Items must be selected in order to perform """
django/contrib/admin/options.py,1293,18,_,ugettext,import,46,no,"msg = _(""No action selected."")"
django/contrib/admin/options.py,1318,12,_,ugettext,import,46,no,"_('The %(name)s ""%(obj)s"" was deleted successfully.') % {"
django/contrib/admin/options.py,1392,14,_,ugettext,import,46,no,"msg = _(""""""%(name)s with ID ""%(key)s"" doesn't exist. Perhaps it was deleted?"""""") % {"
django/contrib/admin/options.py,1477,19,_,ugettext,import,46,no,"title=(_('Add %s') if add else _('Change %s')) % force_text(opts.verbose_name),"
django/contrib/admin/options.py,1477,43,_,ugettext,import,46,no,"title=(_('Add %s') if add else _('Change %s')) % force_text(opts.verbose_name),"
django/contrib/admin/options.py,1548,29,_,ugettext,import,46,no,"'title': _('Database error'),"
django/contrib/admin/options.py,1569,22,_,ugettext,import,46,no,"msg = _(""Items must be selected in order to perform """
django/contrib/admin/options.py,1653,27,_,ugettext,import,46,no,"selection_note=_('0 of %(cnt)s selected') % {'cnt': len(cl.result_list)},"
django/contrib/admin/options.py,1721,20,_,ugettext,import,46,no,"title = _(""Cannot delete %(name)s"") % {""name"": object_name}"
django/contrib/admin/options.py,1723,20,_,ugettext,import,46,no,"title = _(""Are you sure?"")"
django/contrib/admin/options.py,1767,18,_,ugettext,import,46,no,"title=_('Change history: %s') % force_text(obj),"
django/contrib/admin/options.py,1921,32,_,ugettext,import,46,no,_('%(class_name)s %(instance)s') % {
django/contrib/admin/options.py,1927,73,_,ugettext,import,46,no,"'related_objects': get_text_list(objs, _('and'))}"
django/contrib/admin/options.py,1928,30,_,ugettext,import,46,no,"msg = _(""Deleting %(class_name)s %(instance)s would require """
django/contrib/admin/sites.py,377,18,_,ugettext,import,13,no,"title=_('Log in'),"
django/contrib/admin/sites.py,503,18,_,ugettext,import,13,no,"title=_('%(app)s administration') % {'app': app_name},"
django/contrib/admin/templatetags/admin_list.py,392,29,_,ugettext,import,22,no,'title': _('All dates')
django/contrib/admin/tests.py,123,21,_,ugettext,import,5,no,login_text = _('Log in')
django/contrib/admin/widgets.py,84,32,_,ugettext,import,14,no,context['date_label'] = _('Date:')
django/contrib/admin/widgets.py,85,32,_,ugettext,import,14,no,context['time_label'] = _('Time:')
django/contrib/admin/widgets.py,151,36,_,ugettext,import,14,no,context['link_title'] = _('Lookup')
django/contrib/admin/widgets.py,343,35,_,ugettext,import,14,no,context['current_label'] = _('Currently:')
django/contrib/admin/widgets.py,344,34,_,ugettext,import,14,no,context['change_label'] = _('Change:')
django/contrib/admindocs/apps.py,7,19,_,ugettext_lazy,import,2,no,"verbose_name = _(""Administrative Documentation"")"
django/contrib/admindocs/views.py,77,62,_,ugettext,import,23,no,"title = utils.parse_rst(title, 'tag', _('tag:') + tag_name)"
django/contrib/admindocs/views.py,79,60,_,ugettext,import,23,no,"body = utils.parse_rst(body, 'tag', _('tag:') + tag_name)"
django/contrib/admindocs/views.py,81,78,_,ugettext,import,23,no,"metadata[key] = utils.parse_rst(metadata[key], 'tag', _('tag:') + tag_name)"
django/contrib/admindocs/views.py,111,65,_,ugettext,import,23,no,"title = utils.parse_rst(title, 'filter', _('filter:') + filter_name)"
django/contrib/admindocs/views.py,113,63,_,ugettext,import,23,no,"body = utils.parse_rst(body, 'filter', _('filter:') + filter_name)"
django/contrib/admindocs/views.py,115,81,_,ugettext,import,23,no,"metadata[key] = utils.parse_rst(metadata[key], 'filter', _('filter:') + filter_name)"
django/contrib/admindocs/views.py,186,51,_,ugettext,import,23,no,"title = utils.parse_rst(title, 'view', _('view:') + view)"
django/contrib/admindocs/views.py,188,49,_,ugettext,import,23,no,"body = utils.parse_rst(body, 'view', _('view:') + view)"
django/contrib/admindocs/views.py,190,68,_,ugettext,import,23,no,"metadata[key] = utils.parse_rst(metadata[key], 'model', _('view:') + view)"
django/contrib/admindocs/views.py,218,26,_,ugettext,import,23,no,"raise Http404(_(""App %(app_label)r not found"") % self.kwargs)"
django/contrib/admindocs/views.py,222,26,_,ugettext,import,23,no,"raise Http404(_(""Model %(model_name)r not found in app %(app_label)r"") % self.kwargs)"
django/contrib/admindocs/views.py,228,52,_,ugettext,import,23,no,"title = utils.parse_rst(title, 'model', _('model:') + model_name)"
django/contrib/admindocs/views.py,230,50,_,ugettext,import,23,no,"body = utils.parse_rst(body, 'model', _('model:') + model_name)"
django/contrib/admindocs/views.py,241,21,_,ugettext,import,23,no,"(_(""the related `%(app_label)s.%(data_type)s` object"") % {"
django/contrib/admindocs/views.py,245,20,_,ugettext,import,23,no,"_('model:') + data_type,"
django/contrib/admindocs/views.py,261,22,_,ugettext,import,23,no,"verbose = _(""related `%(app_label)s.%(object_name)s` objects"") % {"
django/contrib/admindocs/views.py,268,43,_,ugettext,import,23,no,"'verbose': utils.parse_rst(_(""all %s"") % verbose, 'model', _('model:') + opts.model_name),"
django/contrib/admindocs/views.py,268,75,_,ugettext,import,23,no,"'verbose': utils.parse_rst(_(""all %s"") % verbose, 'model', _('model:') + opts.model_name),"
django/contrib/admindocs/views.py,273,43,_,ugettext,import,23,no,"'verbose': utils.parse_rst(_(""number of %s"") % verbose, 'model', _('model:') + opts.model_name),"
django/contrib/admindocs/views.py,273,81,_,ugettext,import,23,no,"'verbose': utils.parse_rst(_(""number of %s"") % verbose, 'model', _('model:') + opts.model_name),"
django/contrib/admindocs/views.py,288,86,_,ugettext,import,23,no,"verbose = utils.parse_rst(utils.trim_docstring(verbose), 'model', _('model:') + opts.model_name)"
django/contrib/admindocs/views.py,314,22,_,ugettext,import,23,no,"verbose = _(""related `%(app_label)s.%(object_name)s` objects"") % {"
django/contrib/admindocs/views.py,322,43,_,ugettext,import,23,no,"'verbose': utils.parse_rst(_(""all %s"") % verbose, 'model', _('model:') + opts.model_name),"
django/contrib/admindocs/views.py,322,75,_,ugettext,import,23,no,"'verbose': utils.parse_rst(_(""all %s"") % verbose, 'model', _('model:') + opts.model_name),"
django/contrib/admindocs/views.py,327,43,_,ugettext,import,23,no,"'verbose': utils.parse_rst(_(""number of %s"") % verbose, 'model', _('model:') + opts.model_name),"
django/contrib/admindocs/views.py,327,81,_,ugettext,import,23,no,"'verbose': utils.parse_rst(_(""number of %s"") % verbose, 'model', _('model:') + opts.model_name),"
django/contrib/admindocs/views.py,421,28,_,ugettext,import,23,no,"raise TypeError(_(""%s does not appear to be a urlpattern object"") % p)"
django/contrib/auth/admin.py,48,9,_,ugettext_lazy,import,19,no,"(_('Personal info'), {'fields': ('first_name', 'last_name', 'email')}),"
django/contrib/auth/admin.py,49,9,_,ugettext_lazy,import,19,no,"(_('Permissions'), {'fields': ('is_active', 'is_staff', 'is_superuser',"
django/contrib/auth/admin.py,51,9,_,ugettext_lazy,import,19,no,"(_('Important dates'), {'fields': ('last_login', 'date_joined')}),"
django/contrib/auth/admin.py,137,26,_,ugettext_lazy,import,19,no,raise Http404(_('%(name)s object with primary key %(key)r does not exist.') % {
django/contrib/auth/admin.py,167,21,_,ugettext_lazy,import,19,no,"'title': _('Change password: %s') % escape(user.get_username()),"
django/contrib/auth/apps.py,12,19,_,ugettext_lazy,import,4,no,"verbose_name = _(""Authentication and Authorization"")"
django/contrib/auth/base_user.py,49,32,_,ugettext_lazy,import,14,no,"password = models.CharField(_('password'), max_length=128)"
django/contrib/auth/base_user.py,50,38,_,ugettext_lazy,import,14,no,"last_login = models.DateTimeField(_('last login'), blank=True, null=True)"
django/contrib/auth/forms.py,70,29,_,ugettext_lazy,import,18,no,"'password_mismatch': _(""The two password fields didn't match.""),"
django/contrib/auth/forms.py,73,14,_,ugettext_lazy,import,18,no,"label=_(""Password""),"
django/contrib/auth/forms.py,79,14,_,ugettext_lazy,import,18,no,"label=_(""Password confirmation""),"
django/contrib/auth/forms.py,82,18,_,ugettext_lazy,import,18,no,"help_text=_(""Enter the same password as before, for verification.""),"
django/contrib/auth/forms.py,117,14,_,ugettext_lazy,import,18,no,"label=_(""Password""),"
django/contrib/auth/forms.py,118,18,_,ugettext_lazy,import,18,no,help_text=_(
django/contrib/auth/forms.py,153,14,_,ugettext_lazy,import,18,no,"label=_(""Password""),"
django/contrib/auth/forms.py,159,25,_,ugettext_lazy,import,18,no,'invalid_login': _(
django/contrib/auth/forms.py,163,20,_,ugettext_lazy,import,18,no,"'inactive': _(""This account is inactive.""),"
django/contrib/auth/forms.py,224,35,_,ugettext_lazy,import,18,no,"email = forms.EmailField(label=_(""Email""), max_length=254)"
django/contrib/auth/forms.py,297,29,_,ugettext_lazy,import,18,no,"'password_mismatch': _(""The two password fields didn't match.""),"
django/contrib/auth/forms.py,300,14,_,ugettext_lazy,import,18,no,"label=_(""New password""),"
django/contrib/auth/forms.py,306,14,_,ugettext_lazy,import,18,no,"label=_(""New password confirmation""),"
django/contrib/auth/forms.py,341,30,_,ugettext_lazy,import,18,no,"'password_incorrect': _(""Your old password was entered incorrectly. Please enter it again.""),"
django/contrib/auth/forms.py,344,14,_,ugettext_lazy,import,18,no,"label=_(""Old password""),"
django/contrib/auth/forms.py,369,29,_,ugettext_lazy,import,18,no,"'password_mismatch': _(""The two password fields didn't match.""),"
django/contrib/auth/forms.py,373,14,_,ugettext_lazy,import,18,no,"label=_(""Password""),"
django/contrib/auth/forms.py,379,14,_,ugettext_lazy,import,18,no,"label=_(""Password (again)""),"
django/contrib/auth/forms.py,382,18,_,ugettext_lazy,import,18,no,"help_text=_(""Enter the same password as before, for verification.""),"
django/contrib/auth/hashers.py,263,13,_,ugettext_noop,import,18,no,"(_('algorithm'), algorithm),"
django/contrib/auth/hashers.py,264,13,_,ugettext_noop,import,18,no,"(_('iterations'), iterations),"
django/contrib/auth/hashers.py,265,13,_,ugettext_noop,import,18,no,"(_('salt'), mask_hash(salt)),"
django/contrib/auth/hashers.py,266,13,_,ugettext_noop,import,18,no,"(_('hash'), mask_hash(hash)),"
django/contrib/auth/hashers.py,337,13,_,ugettext_noop,import,18,no,"(_('algorithm'), algorithm),"
django/contrib/auth/hashers.py,338,13,_,ugettext_noop,import,18,no,"(_('variety'), variety),"
django/contrib/auth/hashers.py,339,13,_,ugettext_noop,import,18,no,"(_('version'), version),"
django/contrib/auth/hashers.py,340,13,_,ugettext_noop,import,18,no,"(_('memory cost'), memory_cost),"
django/contrib/auth/hashers.py,341,13,_,ugettext_noop,import,18,no,"(_('time cost'), time_cost),"
django/contrib/auth/hashers.py,342,13,_,ugettext_noop,import,18,no,"(_('parallelism'), parallelism),"
django/contrib/auth/hashers.py,343,13,_,ugettext_noop,import,18,no,"(_('salt'), mask_hash(salt)),"
django/contrib/auth/hashers.py,344,13,_,ugettext_noop,import,18,no,"(_('hash'), mask_hash(data)),"
django/contrib/auth/hashers.py,434,13,_,ugettext_noop,import,18,no,"(_('algorithm'), algorithm),"
django/contrib/auth/hashers.py,435,13,_,ugettext_noop,import,18,no,"(_('work factor'), work_factor),"
django/contrib/auth/hashers.py,436,13,_,ugettext_noop,import,18,no,"(_('salt'), mask_hash(salt)),"
django/contrib/auth/hashers.py,437,13,_,ugettext_noop,import,18,no,"(_('checksum'), mask_hash(checksum)),"
django/contrib/auth/hashers.py,496,13,_,ugettext_noop,import,18,no,"(_('algorithm'), algorithm),"
django/contrib/auth/hashers.py,497,13,_,ugettext_noop,import,18,no,"(_('salt'), mask_hash(salt, show=2)),"
django/contrib/auth/hashers.py,498,13,_,ugettext_noop,import,18,no,"(_('hash'), mask_hash(hash)),"
django/contrib/auth/hashers.py,527,13,_,ugettext_noop,import,18,no,"(_('algorithm'), algorithm),"
django/contrib/auth/hashers.py,528,13,_,ugettext_noop,import,18,no,"(_('salt'), mask_hash(salt, show=2)),"
django/contrib/auth/hashers.py,529,13,_,ugettext_noop,import,18,no,"(_('hash'), mask_hash(hash)),"
django/contrib/auth/hashers.py,563,13,_,ugettext_noop,import,18,no,"(_('algorithm'), self.algorithm),"
django/contrib/auth/hashers.py,564,13,_,ugettext_noop,import,18,no,"(_('hash'), mask_hash(hash)),"
django/contrib/auth/hashers.py,599,13,_,ugettext_noop,import,18,no,"(_('algorithm'), self.algorithm),"
django/contrib/auth/hashers.py,600,13,_,ugettext_noop,import,18,no,"(_('hash'), mask_hash(encoded, show=3)),"
django/contrib/auth/hashers.py,637,13,_,ugettext_noop,import,18,no,"(_('algorithm'), algorithm),"
django/contrib/auth/hashers.py,638,13,_,ugettext_noop,import,18,no,"(_('salt'), salt),"
django/contrib/auth/hashers.py,639,13,_,ugettext_noop,import,18,no,"(_('hash'), mask_hash(data, show=3)),"
django/contrib/auth/models.py,60,28,_,ugettext_lazy,import,10,no,"name = models.CharField(_('name'), max_length=255)"
django/contrib/auth/models.py,64,21,_,ugettext_lazy,import,10,no,"verbose_name=_('content type'),"
django/contrib/auth/models.py,66,32,_,ugettext_lazy,import,10,no,"codename = models.CharField(_('codename'), max_length=100)"
django/contrib/auth/models.py,70,23,_,ugettext_lazy,import,10,no,verbose_name = _('permission')
django/contrib/auth/models.py,71,30,_,ugettext_lazy,import,10,no,verbose_name_plural = _('permissions')
django/contrib/auth/models.py,115,28,_,ugettext_lazy,import,10,no,"name = models.CharField(_('name'), max_length=80, unique=True)"
django/contrib/auth/models.py,118,21,_,ugettext_lazy,import,10,no,"verbose_name=_('permissions'),"
django/contrib/auth/models.py,125,23,_,ugettext_lazy,import,10,no,verbose_name = _('group')
django/contrib/auth/models.py,126,30,_,ugettext_lazy,import,10,no,verbose_name_plural = _('groups')
django/contrib/auth/models.py,213,8,_,ugettext_lazy,import,10,no,"_('superuser status'),"
django/contrib/auth/models.py,215,18,_,ugettext_lazy,import,10,no,help_text=_(
django/contrib/auth/models.py,222,21,_,ugettext_lazy,import,10,no,"verbose_name=_('groups'),"
django/contrib/auth/models.py,224,18,_,ugettext_lazy,import,10,no,help_text=_(
django/contrib/auth/models.py,233,21,_,ugettext_lazy,import,10,no,"verbose_name=_('user permissions'),"
django/contrib/auth/models.py,235,18,_,ugettext_lazy,import,10,no,"help_text=_('Specific permissions for this user.'),"
django/contrib/auth/models.py,302,8,_,ugettext_lazy,import,10,no,"_('username'),"
django/contrib/auth/models.py,305,18,_,ugettext_lazy,import,10,no,"help_text=_('Required. 150 characters or fewer. Letters, digits and @/./+/-/_ only.'),"
django/contrib/auth/models.py,308,22,_,ugettext_lazy,import,10,no,"'unique': _(""A user with that username already exists.""),"
django/contrib/auth/models.py,311,34,_,ugettext_lazy,import,10,no,"first_name = models.CharField(_('first name'), max_length=30, blank=True)"
django/contrib/auth/models.py,312,33,_,ugettext_lazy,import,10,no,"last_name = models.CharField(_('last name'), max_length=150, blank=True)"
django/contrib/auth/models.py,313,30,_,ugettext_lazy,import,10,no,"email = models.EmailField(_('email address'), blank=True)"
django/contrib/auth/models.py,315,8,_,ugettext_lazy,import,10,no,"_('staff status'),"
django/contrib/auth/models.py,317,18,_,ugettext_lazy,import,10,no,"help_text=_('Designates whether the user can log into this admin site.'),"
django/contrib/auth/models.py,320,8,_,ugettext_lazy,import,10,no,"_('active'),"
django/contrib/auth/models.py,322,18,_,ugettext_lazy,import,10,no,help_text=_(
django/contrib/auth/models.py,327,39,_,ugettext_lazy,import,10,no,"date_joined = models.DateTimeField(_('date joined'), default=timezone.now)"
django/contrib/auth/models.py,336,23,_,ugettext_lazy,import,10,no,verbose_name = _('user')
django/contrib/auth/models.py,337,30,_,ugettext_lazy,import,10,no,verbose_name_plural = _('users')
django/contrib/auth/password_validation.py,152,24,_,ugettext,import,15,no,"_(""The password is too similar to the %(verbose_name)s.""),"
django/contrib/auth/password_validation.py,158,15,_,ugettext,import,15,no,"return _(""Your password can't be too similar to your other personal information."")"
django/contrib/auth/password_validation.py,186,16,_,ugettext,import,15,no,"_(""This password is too common.""),"
django/contrib/auth/password_validation.py,191,15,_,ugettext,import,15,no,"return _(""Your password can't be a commonly used password."")"
django/contrib/auth/password_validation.py,201,16,_,ugettext,import,15,no,"_(""This password is entirely numeric.""),"
django/contrib/auth/password_validation.py,206,15,_,ugettext,import,15,no,"return _(""Your password can't be entirely numeric."")"
django/contrib/auth/validators.py,11,14,_,ugettext_lazy,import,5,no,message = _(
django/contrib/auth/validators.py,21,14,_,ugettext_lazy,import,5,no,message = _(
django/contrib/auth/views.py,161,21,_,ugettext_lazy,import,24,no,"'title': _('Logged out'),"
django/contrib/auth/views.py,255,17,_,ugettext_lazy,import,24,no,"'title': _('Password reset'),"
django/contrib/auth/views.py,270,17,_,ugettext_lazy,import,24,no,"'title': _('Password reset sent'),"
django/contrib/auth/views.py,308,16,_,ugettext_lazy,import,24,no,title = _('Enter new password')
django/contrib/auth/views.py,319,16,_,ugettext_lazy,import,24,no,title = _('Password reset unsuccessful')
django/contrib/auth/views.py,339,17,_,ugettext_lazy,import,24,no,"'title': _('Password reset complete'),"
django/contrib/auth/views.py,374,12,_,ugettext_lazy,import,24,no,title = _('Password reset')
django/contrib/auth/views.py,402,12,_,ugettext_lazy,import,24,no,title = _('Password reset sent')
django/contrib/auth/views.py,410,12,_,ugettext_lazy,import,24,no,title = _('Enter new password')
django/contrib/auth/views.py,470,25,_,ugettext_lazy,import,24,no,"'title': _('Password reset unsuccessful'),"
django/contrib/auth/views.py,478,12,_,ugettext_lazy,import,24,no,title = _('Password reset complete')
django/contrib/auth/views.py,513,17,_,ugettext_lazy,import,24,no,"'title': _('Password change'),"
django/contrib/auth/views.py,529,17,_,ugettext_lazy,import,24,no,"'title': _('Password change successful'),"
django/contrib/auth/views.py,541,12,_,ugettext_lazy,import,24,no,title = _('Password change')
django/contrib/auth/views.py,564,12,_,ugettext_lazy,import,24,no,title = _('Password change successful')
django/contrib/contenttypes/apps.py,14,19,_,ugettext_lazy,import,5,no,"verbose_name = _(""Content Types"")"
django/contrib/contenttypes/models.py,137,29,_,ugettext_lazy,import,6,no,"model = models.CharField(_('python model class name'), max_length=100)"
django/contrib/contenttypes/models.py,141,23,_,ugettext_lazy,import,6,no,verbose_name = _('content type')
django/contrib/contenttypes/models.py,142,30,_,ugettext_lazy,import,6,no,verbose_name_plural = _('content types')
django/contrib/contenttypes/views.py,17,31,_,ugettext,import,6,no,"raise http.Http404(_(""Content type %(ct_id)s object has no associated model"") %"
django/contrib/contenttypes/views.py,21,27,_,ugettext,import,6,no,"raise http.Http404(_(""Content type %(ct_id)s object %(obj_id)s doesn't exist"") %"
django/contrib/contenttypes/views.py,27,27,_,ugettext,import,6,no,"raise http.Http404(_(""%(ct_name)s objects don't have a get_absolute_url() method"") %"
django/contrib/flatpages/admin.py,12,9,_,ugettext_lazy,import,4,no,"(_('Advanced options'), {"
django/contrib/flatpages/apps.py,7,19,_,ugettext_lazy,import,2,no,"verbose_name = _(""Flat Pages"")"
django/contrib/flatpages/forms.py,9,14,_,ugettext_lazy,import,4,no,"label=_(""URL""),"
django/contrib/flatpages/forms.py,12,18,_,ugettext_lazy,import,4,no,"help_text=_(""Example: '/about/contact/'. Make sure to have leading and trailing slashes.""),"
django/contrib/flatpages/forms.py,14,23,_,ugettext_lazy,import,4,no,"""invalid"": _("
django/contrib/flatpages/forms.py,53,24,_,ugettext_lazy,import,4,no,"_('Flatpage with url %(url)s already exists for site %(site)s'),"
django/contrib/flatpages/models.py,9,27,_,ugettext_lazy,import,5,no,"url = models.CharField(_('URL'), max_length=100, db_index=True)"
django/contrib/flatpages/models.py,10,29,_,ugettext_lazy,import,5,no,"title = models.CharField(_('title'), max_length=200)"
django/contrib/flatpages/models.py,11,31,_,ugettext_lazy,import,5,no,"content = models.TextField(_('content'), blank=True)"
django/contrib/flatpages/models.py,12,42,_,ugettext_lazy,import,5,no,"enable_comments = models.BooleanField(_('enable comments'), default=False)"
django/contrib/flatpages/models.py,14,8,_,ugettext_lazy,import,5,no,"_('template name'),"
django/contrib/flatpages/models.py,17,18,_,ugettext_lazy,import,5,no,help_text=_(
django/contrib/flatpages/models.py,23,8,_,ugettext_lazy,import,5,no,"_('registration required'),"
django/contrib/flatpages/models.py,24,18,_,ugettext_lazy,import,5,no,"help_text=_(""If this is checked, only logged-in users will be able to view the page.""),"
django/contrib/flatpages/models.py,27,54,_,ugettext_lazy,import,5,no,"sites = models.ManyToManyField(Site, verbose_name=_('sites'))"
django/contrib/flatpages/models.py,31,23,_,ugettext_lazy,import,5,no,verbose_name = _('flat page')
django/contrib/flatpages/models.py,32,30,_,ugettext_lazy,import,5,no,verbose_name_plural = _('flat pages')
django/contrib/gis/apps.py,8,19,_,ugettext_lazy,import,3,no,"verbose_name = _(""GIS"")"
django/contrib/gis/db/models/fields.py,82,18,_,ugettext_lazy,import,13,no,"description = _(""The base GIS field."")"
django/contrib/gis/db/models/fields.py,260,18,_,ugettext_lazy,import,13,no,"description = _(""The base Geometry field -- maps to the OpenGIS Specification Geometry type."")"
django/contrib/gis/db/models/fields.py,353,18,_,ugettext_lazy,import,13,no,"description = _(""Point"")"
django/contrib/gis/db/models/fields.py,359,18,_,ugettext_lazy,import,13,no,"description = _(""Line string"")"
django/contrib/gis/db/models/fields.py,365,18,_,ugettext_lazy,import,13,no,"description = _(""Polygon"")"
django/contrib/gis/db/models/fields.py,371,18,_,ugettext_lazy,import,13,no,"description = _(""Multi-point"")"
django/contrib/gis/db/models/fields.py,377,18,_,ugettext_lazy,import,13,no,"description = _(""Multi-line string"")"
django/contrib/gis/db/models/fields.py,383,18,_,ugettext_lazy,import,13,no,"description = _(""Multi polygon"")"
django/contrib/gis/db/models/fields.py,389,18,_,ugettext_lazy,import,13,no,"description = _(""Geometry collection"")"
django/contrib/gis/db/models/fields.py,395,18,_,ugettext_lazy,import,13,no,"description = _(""Extent Aggregate Field"")"
django/contrib/gis/db/models/fields.py,406,18,_,ugettext_lazy,import,13,no,"description = _(""Raster Field"")"
django/contrib/gis/forms/fields.py,18,20,_,ugettext_lazy,import,3,no,"'required': _('No geometry value provided.'),"
django/contrib/gis/forms/fields.py,19,24,_,ugettext_lazy,import,3,no,"'invalid_geom': _('Invalid geometry value.'),"
django/contrib/gis/forms/fields.py,20,29,_,ugettext_lazy,import,3,no,"'invalid_geom_type': _('Invalid geometry type.'),"
django/contrib/gis/forms/fields.py,21,27,_,ugettext_lazy,import,3,no,'transform_error': _('An error occurred when transforming the geometry '
django/contrib/gis/views.py,8,22,_,ugettext,import,2,no,"raise Http404(_(""No feeds are registered.""))"
django/contrib/gis/views.py,14,22,_,ugettext,import,2,no,"raise Http404(_(""Slug %r isn't registered."") % slug)"
django/contrib/humanize/apps.py,7,19,_,ugettext_lazy,import,2,no,"verbose_name = _(""Humanize"")"
django/contrib/humanize/templatetags/humanize.py,27,16,_,ugettext,import,12,no,"suffixes = (_('th'), _('st'), _('nd'), _('rd'), _('th'), _('th'), _('th'), _('th'), _('th'), _('th'))"
django/contrib/humanize/templatetags/humanize.py,27,25,_,ugettext,import,12,no,"suffixes = (_('th'), _('st'), _('nd'), _('rd'), _('th'), _('th'), _('th'), _('th'), _('th'), _('th'))"
django/contrib/humanize/templatetags/humanize.py,27,34,_,ugettext,import,12,no,"suffixes = (_('th'), _('st'), _('nd'), _('rd'), _('th'), _('th'), _('th'), _('th'), _('th'), _('th'))"
django/contrib/humanize/templatetags/humanize.py,27,43,_,ugettext,import,12,no,"suffixes = (_('th'), _('st'), _('nd'), _('rd'), _('th'), _('th'), _('th'), _('th'), _('th'), _('th'))"
django/contrib/humanize/templatetags/humanize.py,27,52,_,ugettext,import,12,no,"suffixes = (_('th'), _('st'), _('nd'), _('rd'), _('th'), _('th'), _('th'), _('th'), _('th'), _('th'))"
django/contrib/humanize/templatetags/humanize.py,27,61,_,ugettext,import,12,no,"suffixes = (_('th'), _('st'), _('nd'), _('rd'), _('th'), _('th'), _('th'), _('th'), _('th'), _('th'))"
django/contrib/humanize/templatetags/humanize.py,27,70,_,ugettext,import,12,no,"suffixes = (_('th'), _('st'), _('nd'), _('rd'), _('th'), _('th'), _('th'), _('th'), _('th'), _('th'))"
django/contrib/humanize/templatetags/humanize.py,27,79,_,ugettext,import,12,no,"suffixes = (_('th'), _('st'), _('nd'), _('rd'), _('th'), _('th'), _('th'), _('th'), _('th'), _('th'))"
django/contrib/humanize/templatetags/humanize.py,27,88,_,ugettext,import,12,no,"suffixes = (_('th'), _('st'), _('nd'), _('rd'), _('th'), _('th'), _('th'), _('th'), _('th'), _('th'))"
django/contrib/humanize/templatetags/humanize.py,27,97,_,ugettext,import,12,no,"suffixes = (_('th'), _('st'), _('nd'), _('rd'), _('th'), _('th'), _('th'), _('th'), _('th'), _('th'))"
django/contrib/humanize/templatetags/humanize.py,151,12,_,ugettext,import,12,no,"return (_('one'), _('two'), _('three'), _('four'), _('five'),"
django/contrib/humanize/templatetags/humanize.py,151,22,_,ugettext,import,12,no,"return (_('one'), _('two'), _('three'), _('four'), _('five'),"
django/contrib/humanize/templatetags/humanize.py,151,32,_,ugettext,import,12,no,"return (_('one'), _('two'), _('three'), _('four'), _('five'),"
django/contrib/humanize/templatetags/humanize.py,151,44,_,ugettext,import,12,no,"return (_('one'), _('two'), _('three'), _('four'), _('five'),"
django/contrib/humanize/templatetags/humanize.py,151,55,_,ugettext,import,12,no,"return (_('one'), _('two'), _('three'), _('four'), _('five'),"
django/contrib/humanize/templatetags/humanize.py,152,12,_,ugettext,import,12,no,"_('six'), _('seven'), _('eight'), _('nine'))[value - 1]"
django/contrib/humanize/templatetags/humanize.py,152,22,_,ugettext,import,12,no,"_('six'), _('seven'), _('eight'), _('nine'))[value - 1]"
django/contrib/humanize/templatetags/humanize.py,152,34,_,ugettext,import,12,no,"_('six'), _('seven'), _('eight'), _('nine'))[value - 1]"
django/contrib/humanize/templatetags/humanize.py,152,46,_,ugettext,import,12,no,"_('six'), _('seven'), _('eight'), _('nine'))[value - 1]"
django/contrib/humanize/templatetags/humanize.py,176,15,_,ugettext,import,12,no,return _('today')
django/contrib/humanize/templatetags/humanize.py,178,15,_,ugettext,import,12,no,return _('tomorrow')
django/contrib/humanize/templatetags/humanize.py,180,15,_,ugettext,import,12,no,return _('yesterday')
django/contrib/humanize/templatetags/humanize.py,203,19,_,ugettext,import,12,no,return _('now')
django/contrib/humanize/templatetags/humanize.py,231,19,_,ugettext,import,12,no,return _('now')
django/contrib/messages/apps.py,7,19,_,ugettext_lazy,import,2,no,"verbose_name = _(""Messages"")"
django/contrib/postgres/apps.py,13,19,_,ugettext_lazy,import,5,no,verbose_name = _('PostgreSQL extensions')
django/contrib/postgres/fields/array.py,20,24,_,ugettext_lazy,import,9,no,"'item_invalid': _('Item %(nth)s in the array did not validate: '),"
django/contrib/postgres/fields/array.py,21,33,_,ugettext_lazy,import,9,no,"'nested_array_mismatch': _('Nested arrays must have the same length.'),"
django/contrib/postgres/fields/hstore.py,15,18,_,ugettext_lazy,import,8,no,description = _('Map of strings to strings/nulls')
django/contrib/postgres/fields/hstore.py,17,24,_,ugettext_lazy,import,8,no,"'not_a_string': _('The value of ""%(key)s"" is not a string or null.'),"
django/contrib/postgres/fields/jsonb.py,30,18,_,ugettext_lazy,import,10,no,description = _('A JSON object')
django/contrib/postgres/fields/jsonb.py,32,19,_,ugettext_lazy,import,10,no,"'invalid': _(""Value must be valid JSON.""),"
django/contrib/postgres/forms/array.py,17,24,_,ugettext_lazy,import,10,no,"'item_invalid': _('Item %(nth)s in the array did not validate: '),"
django/contrib/postgres/forms/array.py,155,24,_,ugettext_lazy,import,10,no,"'item_invalid': _('Item %(nth)s in the array did not validate: '),"
django/contrib/postgres/forms/hstore.py,16,24,_,ugettext_lazy,import,5,no,"'invalid_json': _('Could not load JSON data.'),"
django/contrib/postgres/forms/hstore.py,17,26,_,ugettext_lazy,import,5,no,"'invalid_format': _('Input must be a JSON dictionary.'),"
django/contrib/postgres/forms/jsonb.py,19,19,_,ugettext_lazy,import,4,no,"'invalid': _(""'%(value)s' value must be valid JSON.""),"
django/contrib/postgres/forms/ranges.py,13,19,_,ugettext_lazy,import,6,no,"'invalid': _('Enter two valid values.'),"
django/contrib/postgres/forms/ranges.py,14,26,_,ugettext_lazy,import,6,no,"'bound_ordering': _('The start of the range must not exceed the end of the range.'),"
django/contrib/postgres/forms/ranges.py,61,41,_,ugettext_lazy,import,6,no,default_error_messages = {'invalid': _('Enter two whole numbers.')}
django/contrib/postgres/forms/ranges.py,67,41,_,ugettext_lazy,import,6,no,default_error_messages = {'invalid': _('Enter two numbers.')}
django/contrib/postgres/forms/ranges.py,73,41,_,ugettext_lazy,import,6,no,default_error_messages = {'invalid': _('Enter two valid date/times.')}
django/contrib/postgres/forms/ranges.py,79,41,_,ugettext_lazy,import,6,no,default_error_messages = {'invalid': _('Enter two valid dates.')}
django/contrib/postgres/validators.py,31,24,_,ugettext_lazy,import,9,no,"'missing_keys': _('Some keys were missing: %(keys)s'),"
django/contrib/postgres/validators.py,32,22,_,ugettext_lazy,import,9,no,"'extra_keys': _('Some unknown keys were provided: %(keys)s'),"
django/contrib/postgres/validators.py,73,14,_,ugettext_lazy,import,9,no,message = _('Ensure that this range is completely less than or equal to %(limit_value)s.')
django/contrib/postgres/validators.py,79,14,_,ugettext_lazy,import,9,no,message = _('Ensure that this range is completely greater than or equal to %(limit_value)s.')
django/contrib/redirects/apps.py,7,19,_,ugettext_lazy,import,2,no,"verbose_name = _(""Redirects"")"
django/contrib/redirects/models.py,7,64,_,ugettext_lazy,import,3,no,"site = models.ForeignKey(Site, models.CASCADE, verbose_name=_('site'))"
django/contrib/redirects/models.py,9,8,_,ugettext_lazy,import,3,no,"_('redirect from'),"
django/contrib/redirects/models.py,12,18,_,ugettext_lazy,import,3,no,"help_text=_(""This should be an absolute path, excluding the domain name. Example: '/events/search/'.""),"
django/contrib/redirects/models.py,15,8,_,ugettext_lazy,import,3,no,"_('redirect to'),"
django/contrib/redirects/models.py,18,18,_,ugettext_lazy,import,3,no,"help_text=_(""This can be either an absolute path (as above) or a full URL starting with 'http://'.""),"
django/contrib/redirects/models.py,22,23,_,ugettext_lazy,import,3,no,verbose_name = _('redirect')
django/contrib/redirects/models.py,23,30,_,ugettext_lazy,import,3,no,verbose_name_plural = _('redirects')
django/contrib/sessions/apps.py,7,19,_,ugettext_lazy,import,2,no,"verbose_name = _(""Sessions"")"
django/contrib/sessions/base_session.py,27,35,_,ugettext_lazy,import,6,no,"session_key = models.CharField(_('session key'), max_length=40, primary_key=True)"
django/contrib/sessions/base_session.py,28,36,_,ugettext_lazy,import,6,no,session_data = models.TextField(_('session data'))
django/contrib/sessions/base_session.py,29,39,_,ugettext_lazy,import,6,no,"expire_date = models.DateTimeField(_('expire date'), db_index=True)"
django/contrib/sessions/base_session.py,35,23,_,ugettext_lazy,import,6,no,verbose_name = _('session')
django/contrib/sessions/base_session.py,36,30,_,ugettext_lazy,import,6,no,verbose_name_plural = _('sessions')
django/contrib/sitemaps/apps.py,7,19,_,ugettext_lazy,import,2,no,"verbose_name = _(""Site Maps"")"
django/contrib/sites/apps.py,10,19,_,ugettext_lazy,import,3,no,"verbose_name = _(""Sites"")"
django/contrib/sites/models.py,22,12,_,ugettext_lazy,import,7,no,"_(""The domain name cannot contain any spaces or tabs.""),"
django/contrib/sites/models.py,83,8,_,ugettext_lazy,import,7,no,"_('domain name'),"
django/contrib/sites/models.py,88,28,_,ugettext_lazy,import,7,no,"name = models.CharField(_('display name'), max_length=50)"
django/contrib/sites/models.py,93,23,_,ugettext_lazy,import,7,no,verbose_name = _('site')
django/contrib/sites/models.py,94,30,_,ugettext_lazy,import,7,no,verbose_name_plural = _('sites')
django/contrib/staticfiles/apps.py,9,19,_,ugettext_lazy,import,4,no,"verbose_name = _(""Static Files"")"
django/contrib/syndication/apps.py,7,19,_,ugettext_lazy,import,2,no,"verbose_name = _(""Syndication"")"
django/core/paginator.py,42,35,_,ugettext_lazy,import,6,no,raise PageNotAnInteger(_('That page number is not an integer'))
django/core/paginator.py,44,28,_,ugettext_lazy,import,6,no,raise EmptyPage(_('That page number is less than 1'))
django/core/paginator.py,49,32,_,ugettext_lazy,import,6,no,raise EmptyPage(_('That page contains no results'))
django/core/validators.py,32,14,_,ugettext_lazy,import,11,no,message = _('Enter a valid value.')
django/core/validators.py,102,14,_,ugettext_lazy,import,11,no,message = _('Enter a valid URL.')
django/core/validators.py,155,12,_,ugettext_lazy,import,11,no,"message=_('Enter a valid integer.'),"
django/core/validators.py,166,14,_,ugettext_lazy,import,11,no,message = _('Enter a valid email address.')
django/core/validators.py,240,4,_,ugettext_lazy,import,11,no,"_(""Enter a valid 'slug' consisting of letters, numbers, underscores or hyphens.""),"
django/core/validators.py,247,4,_,ugettext_lazy,import,11,no,"_(""Enter a valid 'slug' consisting of Unicode letters, numbers, underscores, or hyphens.""),"
django/core/validators.py,256,30,_,ugettext_lazy,import,11,no,"raise ValidationError(_('Enter a valid IPv4 address.'), code='invalid')"
django/core/validators.py,261,30,_,ugettext_lazy,import,11,no,"raise ValidationError(_('Enter a valid IPv6 address.'), code='invalid')"
django/core/validators.py,271,34,_,ugettext_lazy,import,11,no,"raise ValidationError(_('Enter a valid IPv4 or IPv6 address.'), code='invalid')"
django/core/validators.py,275,39,_,ugettext_lazy,import,11,no,"'both': ([validate_ipv46_address], _('Enter a valid IPv4 or IPv6 address.')),"
django/core/validators.py,276,38,_,ugettext_lazy,import,11,no,"'ipv4': ([validate_ipv4_address], _('Enter a valid IPv4 address.')),"
django/core/validators.py,277,38,_,ugettext_lazy,import,11,no,"'ipv6': ([validate_ipv6_address], _('Enter a valid IPv6 address.')),"
django/core/validators.py,307,12,_,ugettext_lazy,import,11,no,"message=_('Enter only digits separated by commas.'),"
django/core/validators.py,313,14,_,ugettext_lazy,import,11,no,message = _('Ensure this value is %(limit_value)s (it is %(show_value)s).')
django/core/validators.py,344,14,_,ugettext_lazy,import,11,no,message = _('Ensure this value is less than or equal to %(limit_value)s.')
django/core/validators.py,353,14,_,ugettext_lazy,import,11,no,message = _('Ensure this value is greater than or equal to %(limit_value)s.')
django/core/validators.py,461,14,_,ugettext_lazy,import,11,no,message = _(
django/db/models/base.py,1119,65,_,ugettext_lazy,import,32,no,"params['field_labels'] = get_text_list(field_labels, _('and'))"
django/db/models/base.py,1121,24,_,ugettext_lazy,import,32,no,"message=_(""%(model_name)s with this %(field_labels)s already exists.""),"
django/db/models/fields/__init__.py,105,26,_,ugettext_lazy,import,33,no,"'invalid_choice': _('Value %(value)r is not a valid choice.'),"
django/db/models/fields/__init__.py,106,16,_,ugettext_lazy,import,33,no,"'null': _('This field cannot be null.'),"
django/db/models/fields/__init__.py,107,17,_,ugettext_lazy,import,33,no,"'blank': _('This field cannot be blank.'),"
django/db/models/fields/__init__.py,108,18,_,ugettext_lazy,import,33,no,'unique': _('%(model_name)s with this %(field_label)s '
django/db/models/fields/__init__.py,112,27,_,ugettext_lazy,import,33,no,"'unique_for_date': _(""%(field_label)s must be unique for """
django/db/models/fields/__init__.py,129,15,_,ugettext_lazy,import,33,no,return _('Field of type: %(field_type)s') % {
django/db/models/fields/__init__.py,861,18,_,ugettext_lazy,import,33,no,"description = _(""Integer"")"
django/db/models/fields/__init__.py,865,19,_,ugettext_lazy,import,33,no,"'invalid': _(""'%(value)s' value must be an integer.""),"
django/db/models/fields/__init__.py,938,18,_,ugettext_lazy,import,33,no,"description = _(""Big (8 byte) integer"")"
django/db/models/fields/__init__.py,950,19,_,ugettext_lazy,import,33,no,"'invalid': _(""'%(value)s' value must be either True or False.""),"
django/db/models/fields/__init__.py,952,18,_,ugettext_lazy,import,33,no,"description = _(""Boolean (Either True or False)"")"
django/db/models/fields/__init__.py,1018,18,_,ugettext_lazy,import,33,no,"description = _(""String (up to %(max_length)s)"")"
django/db/models/fields/__init__.py,1075,18,_,ugettext_lazy,import,33,no,"description = _(""Comma-separated integers"")"
django/db/models/fields/__init__.py,1123,19,_,ugettext_lazy,import,33,no,"'invalid': _(""'%(value)s' value has an invalid date format. It must be """
django/db/models/fields/__init__.py,1125,24,_,ugettext_lazy,import,33,no,"'invalid_date': _(""'%(value)s' value has the correct format (YYYY-MM-DD) """
django/db/models/fields/__init__.py,1128,18,_,ugettext_lazy,import,33,no,"description = _(""Date (without time)"")"
django/db/models/fields/__init__.py,1268,19,_,ugettext_lazy,import,33,no,"'invalid': _(""'%(value)s' value has an invalid format. It must be in """
django/db/models/fields/__init__.py,1270,24,_,ugettext_lazy,import,33,no,"'invalid_date': _(""'%(value)s' value has the correct format """
django/db/models/fields/__init__.py,1272,28,_,ugettext_lazy,import,33,no,"'invalid_datetime': _(""'%(value)s' value has the correct format """
django/db/models/fields/__init__.py,1276,18,_,ugettext_lazy,import,33,no,"description = _(""Date (with time)"")"
django/db/models/fields/__init__.py,1426,19,_,ugettext_lazy,import,33,no,"'invalid': _(""'%(value)s' value must be a decimal number.""),"
django/db/models/fields/__init__.py,1428,18,_,ugettext_lazy,import,33,no,"description = _(""Decimal number"")"
django/db/models/fields/__init__.py,1579,19,_,ugettext_lazy,import,33,no,"'invalid': _(""'%(value)s' value has an invalid format. It must be in """
django/db/models/fields/__init__.py,1582,18,_,ugettext_lazy,import,33,no,"description = _(""Duration"")"
django/db/models/fields/__init__.py,1634,18,_,ugettext_lazy,import,33,no,"description = _(""Email address"")"
django/db/models/fields/__init__.py,1658,18,_,ugettext_lazy,import,33,no,"description = _(""File path"")"
django/db/models/fields/__init__.py,1724,19,_,ugettext_lazy,import,33,no,"'invalid': _(""'%(value)s' value must be a float.""),"
django/db/models/fields/__init__.py,1726,18,_,ugettext_lazy,import,33,no,"description = _(""Floating point number"")"
django/db/models/fields/__init__.py,1758,19,_,ugettext_lazy,import,33,no,"'invalid': _(""'%(value)s' value must be an integer.""),"
django/db/models/fields/__init__.py,1760,18,_,ugettext_lazy,import,33,no,"description = _(""Integer"")"
django/db/models/fields/__init__.py,1829,18,_,ugettext_lazy,import,33,no,"description = _(""Big (8 byte) integer"")"
django/db/models/fields/__init__.py,1844,18,_,ugettext_lazy,import,33,no,"description = _(""IPv4 address"")"
django/db/models/fields/__init__.py,1875,18,_,ugettext_lazy,import,33,no,"description = _(""IP address"")"
django/db/models/fields/__init__.py,1956,19,_,ugettext_lazy,import,33,no,"'invalid': _(""'%(value)s' value must be either None, True or False.""),"
django/db/models/fields/__init__.py,1958,18,_,ugettext_lazy,import,33,no,"description = _(""Boolean (Either True, False or None)"")"
django/db/models/fields/__init__.py,2021,18,_,ugettext_lazy,import,33,no,"description = _(""Positive integer"")"
django/db/models/fields/__init__.py,2033,18,_,ugettext_lazy,import,33,no,"description = _(""Positive small integer"")"
django/db/models/fields/__init__.py,2046,18,_,ugettext_lazy,import,33,no,"description = _(""Slug (up to %(max_length)s)"")"
django/db/models/fields/__init__.py,2076,18,_,ugettext_lazy,import,33,no,"description = _(""Small integer"")"
django/db/models/fields/__init__.py,2083,18,_,ugettext_lazy,import,33,no,"description = _(""Text"")"
django/db/models/fields/__init__.py,2109,19,_,ugettext_lazy,import,33,no,"'invalid': _(""'%(value)s' value has an invalid format. It must be in """
django/db/models/fields/__init__.py,2111,24,_,ugettext_lazy,import,33,no,"'invalid_time': _(""'%(value)s' value has the correct format """
django/db/models/fields/__init__.py,2114,18,_,ugettext_lazy,import,33,no,"description = _(""Time"")"
django/db/models/fields/__init__.py,2242,18,_,ugettext_lazy,import,33,no,"description = _(""URL"")"
django/db/models/fields/__init__.py,2265,18,_,ugettext_lazy,import,33,no,"description = _(""Raw binary data"")"
django/db/models/fields/__init__.py,2312,19,_,ugettext_lazy,import,33,no,"'invalid': _(""'%(value)s' is not a valid UUID.""),"
django/db/models/fields/files.py,222,18,_,ugettext_lazy,import,13,no,"description = _(""File"")"
django/db/models/fields/files.py,370,18,_,ugettext_lazy,import,13,no,"description = _(""Image"")"
django/db/models/fields/related.py,764,19,_,ugettext_lazy,import,17,no,'invalid': _('%(model)s instance with %(field)s %(value)r does not exist.')
django/db/models/fields/related.py,766,18,_,ugettext_lazy,import,17,no,"description = _(""Foreign Key (type determined by related field)"")"
django/db/models/fields/related.py,980,18,_,ugettext_lazy,import,17,no,"description = _(""One-to-one relationship"")"
django/db/models/fields/related.py,1030,24,_,ugettext_lazy,import,17,no,"'verbose_name': _('%(from)s-%(to)s relationship') % {'from': from_, 'to': to},"
django/db/models/fields/related.py,1031,31,_,ugettext_lazy,import,17,no,"'verbose_name_plural': _('%(from)s-%(to)s relationships') % {'from': from_, 'to': to},"
django/db/models/fields/related.py,1073,18,_,ugettext_lazy,import,17,no,"description = _(""Many-to-many relationship"")"
django/forms/boundfield.py,170,61,_,ugettext_lazy,import,12,no,if label_suffix and contents and contents[-1] not in _(':?.!'):
django/forms/fields.py,53,20,_,ugettext_lazy,import,33,no,"'required': _('This field is required.'),"
django/forms/fields.py,247,19,_,ugettext_lazy,import,33,no,"'invalid': _('Enter a whole number.'),"
django/forms/fields.py,292,19,_,ugettext_lazy,import,33,no,"'invalid': _('Enter a number.'),"
django/forms/fields.py,329,19,_,ugettext_lazy,import,33,no,"'invalid': _('Enter a number.'),"
django/forms/fields.py,403,19,_,ugettext_lazy,import,33,no,"'invalid': _('Enter a valid date.'),"
django/forms/fields.py,427,19,_,ugettext_lazy,import,33,no,'invalid': _('Enter a valid time.')
django/forms/fields.py,449,19,_,ugettext_lazy,import,33,no,"'invalid': _('Enter a valid date/time.'),"
django/forms/fields.py,478,19,_,ugettext_lazy,import,33,no,"'invalid': _('Enter a valid duration.'),"
django/forms/fields.py,534,19,_,ugettext_lazy,import,33,no,"'invalid': _(""No file was submitted. Check the encoding type on the form.""),"
django/forms/fields.py,535,19,_,ugettext_lazy,import,33,no,"'missing': _(""No file was submitted.""),"
django/forms/fields.py,536,17,_,ugettext_lazy,import,33,no,"'empty': _(""The submitted file is empty.""),"
django/forms/fields.py,541,25,_,ugettext_lazy,import,33,no,"'contradiction': _('Please either submit a file or check the clear checkbox, not both.')"
django/forms/fields.py,602,25,_,ugettext_lazy,import,33,no,'invalid_image': _(
django/forms/fields.py,655,19,_,ugettext_lazy,import,33,no,"'invalid': _('Enter a valid URL.'),"
django/forms/fields.py,758,26,_,ugettext_lazy,import,33,no,"'invalid_choice': _('Select a valid choice. %(value)s is not one of the available choices.'),"
django/forms/fields.py,854,26,_,ugettext_lazy,import,33,no,"'invalid_choice': _('Select a valid choice. %(value)s is not one of the available choices.'),"
django/forms/fields.py,855,24,_,ugettext_lazy,import,33,no,"'invalid_list': _('Enter a list of values.'),"
django/forms/fields.py,970,19,_,ugettext_lazy,import,33,no,"'invalid': _('Enter a list of values.'),"
django/forms/fields.py,971,22,_,ugettext_lazy,import,33,no,"'incomplete': _('Enter a complete value.'),"
django/forms/fields.py,1127,24,_,ugettext_lazy,import,33,no,"'invalid_date': _('Enter a valid date.'),"
django/forms/fields.py,1128,24,_,ugettext_lazy,import,33,no,"'invalid_time': _('Enter a valid time.'),"
django/forms/fields.py,1186,19,_,ugettext_lazy,import,33,no,"'invalid': _('Enter a valid UUID.'),"
django/forms/forms.py,87,74,_,ugettext,import,19,no,self.label_suffix = label_suffix if label_suffix is not None else _(':')
django/forms/forms.py,213,25,_,ugettext,import,19,no,"[_('(Hidden field %(name)s) %(error)s') % {'name': name, 'error': force_text(e)}"
django/forms/formsets.py,88,20,_,ugettext,import,9,no,"_('ManagementForm data is missing or has been tampered with'),"
django/forms/formsets.py,380,70,_,ugettext,import,9,no,"form.fields[ORDERING_FIELD_NAME] = IntegerField(label=_('Order'), initial=index + 1, required=False)"
django/forms/formsets.py,382,70,_,ugettext,import,9,no,"form.fields[ORDERING_FIELD_NAME] = IntegerField(label=_('Order'), required=False)"
django/forms/formsets.py,384,66,_,ugettext,import,9,no,"form.fields[DELETION_FIELD_NAME] = BooleanField(label=_('Delete'), required=False)"
django/forms/models.py,727,53,_,ugettext_lazy,import,21,no,"""field"": get_text_list(unique_check, _(""and"")),"
django/forms/models.py,1065,26,_,ugettext_lazy,import,21,no,"'invalid_choice': _('The inline foreign key did not match the parent instance primary key.'),"
django/forms/models.py,1126,26,_,ugettext_lazy,import,21,no,'invalid_choice': _('Select a valid choice. That choice is not one of'
django/forms/models.py,1233,16,_,ugettext_lazy,import,21,no,"'list': _('Enter a list of values.'),"
django/forms/models.py,1234,26,_,ugettext_lazy,import,21,no,'invalid_choice': _('Select a valid choice. %(value)s is not one of the'
django/forms/models.py,1236,28,_,ugettext_lazy,import,21,no,"'invalid_pk_value': _('""%(pk)s"" is not a valid value for a primary key.')"
django/forms/utils.py,160,16,_,ugettext_lazy,import,9,no,_('%(datetime)s couldn\'t be interpreted '
django/utils/dateformat.py,63,19,_,ugettext,import,23,no,return _('p.m.')
django/utils/dateformat.py,64,15,_,ugettext,import,23,no,return _('a.m.')
django/utils/dateformat.py,69,19,_,ugettext,import,23,no,return _('PM')
django/utils/dateformat.py,70,15,_,ugettext,import,23,no,return _('AM')
django/utils/dateformat.py,153,19,_,ugettext,import,23,no,return _('midnight')
django/utils/dateformat.py,155,19,_,ugettext,import,23,no,return _('noon')
django/utils/dates.py,6,7,_,ugettext_lazy,import,3,no,"0: _('Monday'), 1: _('Tuesday'), 2: _('Wednesday'), 3: _('Thursday'), 4: _('Friday'),"
django/utils/dates.py,6,23,_,ugettext_lazy,import,3,no,"0: _('Monday'), 1: _('Tuesday'), 2: _('Wednesday'), 3: _('Thursday'), 4: _('Friday'),"
django/utils/dates.py,6,40,_,ugettext_lazy,import,3,no,"0: _('Monday'), 1: _('Tuesday'), 2: _('Wednesday'), 3: _('Thursday'), 4: _('Friday'),"
django/utils/dates.py,6,59,_,ugettext_lazy,import,3,no,"0: _('Monday'), 1: _('Tuesday'), 2: _('Wednesday'), 3: _('Thursday'), 4: _('Friday'),"
django/utils/dates.py,6,77,_,ugettext_lazy,import,3,no,"0: _('Monday'), 1: _('Tuesday'), 2: _('Wednesday'), 3: _('Thursday'), 4: _('Friday'),"
django/utils/dates.py,7,7,_,ugettext_lazy,import,3,no,"5: _('Saturday'), 6: _('Sunday')"
django/utils/dates.py,7,25,_,ugettext_lazy,import,3,no,"5: _('Saturday'), 6: _('Sunday')"
django/utils/dates.py,10,7,_,ugettext_lazy,import,3,no,"0: _('Mon'), 1: _('Tue'), 2: _('Wed'), 3: _('Thu'), 4: _('Fri'),"
django/utils/dates.py,10,20,_,ugettext_lazy,import,3,no,"0: _('Mon'), 1: _('Tue'), 2: _('Wed'), 3: _('Thu'), 4: _('Fri'),"
django/utils/dates.py,10,33,_,ugettext_lazy,import,3,no,"0: _('Mon'), 1: _('Tue'), 2: _('Wed'), 3: _('Thu'), 4: _('Fri'),"
django/utils/dates.py,10,46,_,ugettext_lazy,import,3,no,"0: _('Mon'), 1: _('Tue'), 2: _('Wed'), 3: _('Thu'), 4: _('Fri'),"
django/utils/dates.py,10,59,_,ugettext_lazy,import,3,no,"0: _('Mon'), 1: _('Tue'), 2: _('Wed'), 3: _('Thu'), 4: _('Fri'),"
django/utils/dates.py,11,7,_,ugettext_lazy,import,3,no,"5: _('Sat'), 6: _('Sun')"
django/utils/dates.py,11,20,_,ugettext_lazy,import,3,no,"5: _('Sat'), 6: _('Sun')"
django/utils/dates.py,18,7,_,ugettext_lazy,import,3,no,"1: _('January'), 2: _('February'), 3: _('March'), 4: _('April'), 5: _('May'), 6: _('June'),"
django/utils/dates.py,18,24,_,ugettext_lazy,import,3,no,"1: _('January'), 2: _('February'), 3: _('March'), 4: _('April'), 5: _('May'), 6: _('June'),"
django/utils/dates.py,18,42,_,ugettext_lazy,import,3,no,"1: _('January'), 2: _('February'), 3: _('March'), 4: _('April'), 5: _('May'), 6: _('June'),"
django/utils/dates.py,18,57,_,ugettext_lazy,import,3,no,"1: _('January'), 2: _('February'), 3: _('March'), 4: _('April'), 5: _('May'), 6: _('June'),"
django/utils/dates.py,18,72,_,ugettext_lazy,import,3,no,"1: _('January'), 2: _('February'), 3: _('March'), 4: _('April'), 5: _('May'), 6: _('June'),"
django/utils/dates.py,18,85,_,ugettext_lazy,import,3,no,"1: _('January'), 2: _('February'), 3: _('March'), 4: _('April'), 5: _('May'), 6: _('June'),"
django/utils/dates.py,19,7,_,ugettext_lazy,import,3,no,"7: _('July'), 8: _('August'), 9: _('September'), 10: _('October'), 11: _('November'),"
django/utils/dates.py,19,21,_,ugettext_lazy,import,3,no,"7: _('July'), 8: _('August'), 9: _('September'), 10: _('October'), 11: _('November'),"
django/utils/dates.py,19,37,_,ugettext_lazy,import,3,no,"7: _('July'), 8: _('August'), 9: _('September'), 10: _('October'), 11: _('November'),"
django/utils/dates.py,19,57,_,ugettext_lazy,import,3,no,"7: _('July'), 8: _('August'), 9: _('September'), 10: _('October'), 11: _('November'),"
django/utils/dates.py,19,75,_,ugettext_lazy,import,3,no,"7: _('July'), 8: _('August'), 9: _('September'), 10: _('October'), 11: _('November'),"
django/utils/dates.py,20,8,_,ugettext_lazy,import,3,no,12: _('December')
django/utils/dates.py,23,7,_,ugettext_lazy,import,3,no,"1: _('jan'), 2: _('feb'), 3: _('mar'), 4: _('apr'), 5: _('may'), 6: _('jun'),"
django/utils/dates.py,23,20,_,ugettext_lazy,import,3,no,"1: _('jan'), 2: _('feb'), 3: _('mar'), 4: _('apr'), 5: _('may'), 6: _('jun'),"
django/utils/dates.py,23,33,_,ugettext_lazy,import,3,no,"1: _('jan'), 2: _('feb'), 3: _('mar'), 4: _('apr'), 5: _('may'), 6: _('jun'),"
django/utils/dates.py,23,46,_,ugettext_lazy,import,3,no,"1: _('jan'), 2: _('feb'), 3: _('mar'), 4: _('apr'), 5: _('may'), 6: _('jun'),"
django/utils/dates.py,23,59,_,ugettext_lazy,import,3,no,"1: _('jan'), 2: _('feb'), 3: _('mar'), 4: _('apr'), 5: _('may'), 6: _('jun'),"
django/utils/dates.py,23,72,_,ugettext_lazy,import,3,no,"1: _('jan'), 2: _('feb'), 3: _('mar'), 4: _('apr'), 5: _('may'), 6: _('jun'),"
django/utils/dates.py,24,7,_,ugettext_lazy,import,3,no,"7: _('jul'), 8: _('aug'), 9: _('sep'), 10: _('oct'), 11: _('nov'), 12: _('dec')"
django/utils/dates.py,24,20,_,ugettext_lazy,import,3,no,"7: _('jul'), 8: _('aug'), 9: _('sep'), 10: _('oct'), 11: _('nov'), 12: _('dec')"
django/utils/dates.py,24,33,_,ugettext_lazy,import,3,no,"7: _('jul'), 8: _('aug'), 9: _('sep'), 10: _('oct'), 11: _('nov'), 12: _('dec')"
django/utils/dates.py,24,47,_,ugettext_lazy,import,3,no,"7: _('jul'), 8: _('aug'), 9: _('sep'), 10: _('oct'), 11: _('nov'), 12: _('dec')"
django/utils/dates.py,24,61,_,ugettext_lazy,import,3,no,"7: _('jul'), 8: _('aug'), 9: _('sep'), 10: _('oct'), 11: _('nov'), 12: _('dec')"
django/utils/dates.py,24,75,_,ugettext_lazy,import,3,no,"7: _('jul'), 8: _('aug'), 9: _('sep'), 10: _('oct'), 11: _('nov'), 12: _('dec')"
django/utils/ipv6.py,8,37,_,ugettext_lazy,import,4,no,"error_message=_(""This is not a valid IPv6 address."")):"
django/utils/text.py,262,8,_,ugettext,import,12,no,"_(', ').join(force_text(i) for i in list_[:-1]),"
django/views/csrf.py,109,17,_,ugettext,import,4,no,"'title': _(""Forbidden""),"
django/views/csrf.py,110,16,_,ugettext,import,4,no,"'main': _(""CSRF verification failed. Request aborted.""),"
django/views/csrf.py,113,23,_,ugettext,import,4,no,'no_referer1': _(
django/views/csrf.py,118,23,_,ugettext,import,4,no,'no_referer2': _(
django/views/csrf.py,123,22,_,ugettext,import,4,no,'no_cookie1': _(
django/views/csrf.py,128,22,_,ugettext,import,4,no,'no_cookie2': _(
django/views/csrf.py,134,16,_,ugettext,import,4,no,"'more': _(""More information is available with DEBUG=True.""),"
django/views/debug.py,503,17,_,ugettext,import,15,no,"""title"": _(""Welcome to Django""),"
django/views/debug.py,504,19,_,ugettext,import,15,no,"""heading"": _(""It worked!""),"
django/views/debug.py,505,22,_,ugettext,import,15,no,"""subheading"": _(""Congratulations on your first Django-powered page.""),"
django/views/debug.py,506,24,_,ugettext,import,15,no,"""instructions"": _("
django/views/debug.py,509,23,_,ugettext,import,15,no,"""explanation"": _("
django/views/generic/dates.py,46,34,_,ugettext,import,10,no,"raise Http404(_(""No year specified""))"
django/views/generic/dates.py,102,34,_,ugettext,import,10,no,"raise Http404(_(""No month specified""))"
django/views/generic/dates.py,161,34,_,ugettext,import,10,no,"raise Http404(_(""No day specified""))"
django/views/generic/dates.py,217,34,_,ugettext,import,10,no,"raise Http404(_(""No week specified""))"
django/views/generic/dates.py,376,30,_,ugettext,import,10,no,"raise Http404(_(""No %(verbose_name_plural)s available"") % {"
django/views/generic/dates.py,404,26,_,ugettext,import,10,no,"raise Http404(_(""No %(verbose_name_plural)s available"") %"
django/views/generic/dates.py,657,26,_,ugettext,import,10,no,raise Http404(_(
django/views/generic/dates.py,692,22,_,ugettext,import,10,no,"raise Http404(_(""Invalid date string '%(datestr)s' given format '%(format)s'"") % {"
django/views/generic/detail.py,53,26,_,ugettext,import,4,no,"raise Http404(_(""No %(verbose_name)s found matching the query"") %"
django/views/generic/list.py,73,30,_,ugettext,import,5,no,"raise Http404(_(""Page is not 'last', nor can it be converted to an int.""))"
django/views/generic/list.py,78,26,_,ugettext,import,5,no,raise Http404(_('Invalid page (%(page_number)s): %(message)s') % {
django/views/generic/list.py,168,30,_,ugettext,import,5,no,"raise Http404(_(""Empty list and '%(class_name)s.allow_empty' is False."") % {"
django/views/static.py,56,22,_,ugettext,import,18,no,"raise Http404(_(""Directory indexes are not allowed here.""))"
django/views/static.py,58,22,_,ugettext,import,18,no,"raise Http404(_('""%(path)s"" does not exist') % {'path': fullpath})"
tests/admin_utils/models.py,18,57,_,ugettext_lazy,import,2,no,"hist = models.CharField(max_length=100, verbose_name=_(""History""))"
tests/auth_tests/test_forms.py,581,22,_,ugettext,import,20,no,"self.assertIn(_(""No password set.""), form.as_table())"
tests/auth_tests/test_forms.py,586,22,_,ugettext,import,20,no,"self.assertIn(_(""No password set.""), form.as_table())"
tests/auth_tests/test_forms.py,591,22,_,ugettext,import,20,no,"self.assertIn(_(""Invalid password format or unknown hashing algorithm.""), form.as_table())"
tests/auth_tests/test_forms.py,596,22,_,ugettext,import,20,no,"self.assertIn(_(""Invalid password format or unknown hashing algorithm.""), form.as_table())"
tests/auth_tests/test_forms.py,666,48,_,ugettext,import,20,no,"self.assertEqual(form['email'].errors, [_('Enter a valid email address.')])"
tests/auth_tests/test_forms.py,826,22,_,ugettext,import,20,no,"self.assertIn(_(""No password set.""), html)"
tests/auth_tests/test_management.py,212,38,_,ugettext_lazy,import,19,no,username_field.verbose_name = _('u\u017eivatel')
tests/humanize_tests/tests.py,149,23,_,ugettext,import,10,no,"result_list = (_('today'), _('yesterday'), _('tomorrow'),"
tests/humanize_tests/tests.py,149,35,_,ugettext,import,10,no,"result_list = (_('today'), _('yesterday'), _('tomorrow'),"
tests/humanize_tests/tests.py,149,51,_,ugettext,import,10,no,"result_list = (_('today'), _('yesterday'), _('tomorrow'),"
tests/i18n/commands/__init__.py,4,9,_,ugettext,import,1,no,"dummy1 = _(""This is a translatable string."")"
tests/i18n/commands/__init__.py,7,9,_,ugettext,import,1,no,"dummy2 = _(""This is another translatable string."")"
tests/i18n/commands/__init__.py,14,9,_,ugettext,import,1,no,dummy4 = _('Size')
tests/i18n/commands/__init__.py,17,9,_,ugettext,import,1,no,dummy5 = _('This literal should be included.')
tests/i18n/exclude/__init__.py,9,9,_,ugettext,import,6,no,"dummy1 = _(""This is a translatable string."")"
tests/i18n/exclude/__init__.py,12,9,_,ugettext,import,6,no,"dummy2 = _(""This is another translatable string."")"
tests/i18n/models.py,8,51,_,ugettext_lazy,import,4,no,"text = models.CharField(max_length=10, default=_('Anything'))"
tests/i18n/models.py,18,23,_,ugettext_lazy,import,4,no,verbose_name = _('Company')
tests/i18n/patterns/urls/default.py,11,8,_,ugettext_lazy,import,3,no,"url(_(r'^translated/$'), view, name='no-prefix-translated'),"
tests/i18n/patterns/urls/default.py,12,8,_,ugettext_lazy,import,3,no,"url(_(r'^translated/(?P<slug>[\w-]+)/$'), view, name='no-prefix-translated-slug'),"
tests/i18n/patterns/urls/default.py,18,8,_,ugettext_lazy,import,3,no,"url(_(r'^users/$'), view, name='users'),"
tests/i18n/patterns/urls/default.py,19,8,_,ugettext_lazy,import,3,no,"url(_(r'^account/'), include('i18n.patterns.urls.namespace', namespace='account')),"
tests/i18n/patterns/urls/namespace.py,9,8,_,ugettext_lazy,import,2,no,"url(_(r'^register/$'), view, name='register'),"
tests/i18n/patterns/urls/namespace.py,10,8,_,ugettext_lazy,import,2,no,"url(_(r'^register-without-slash$'), view, name='register-without-slash'),"
tests/i18n/patterns/urls/wrong.py,6,8,_,ugettext_lazy,import,3,no,"url(_(r'^account/'), include('i18n.patterns.urls.wrong_namespace', namespace='account')),"
tests/i18n/patterns/urls/wrong_namespace.py,10,8,_,ugettext_lazy,import,3,no,"url(_(r'^register/$'), view, name='register'),"
tests/i18n/project_dir/__init__.py,4,9,_,ugettext,import,2,no,"string = _(""This is a project-level string"")"
tests/i18n/project_dir/app_no_locale/models.py,3,9,_,ugettext,import,1,no,"string = _(""This app has no locale directory"")"
tests/i18n/project_dir/app_with_locale/models.py,3,9,_,ugettext,import,1,no,"string = _(""This app has a locale directory"")"
tests/i18n/urls.py,8,58,_,ugettext_lazy,import,4,no,"url(r'^streaming/$', lambda r: StreamingHttpResponse([_(""Yes""), ""/"", _(""No"")])),"
tests/i18n/urls.py,8,73,_,ugettext_lazy,import,4,no,"url(r'^streaming/$', lambda r: StreamingHttpResponse([_(""Yes""), ""/"", _(""No"")])),"
tests/i18n/urls_default_unprefixed.py,7,70,_,ugettext_lazy,import,4,no,"url(r'^(?P<arg>[\w-]+)-page', lambda request, **arg: HttpResponse(_(""Yes""))),"
tests/i18n/urls_default_unprefixed.py,8,45,_,ugettext_lazy,import,4,no,"url(r'^simple/$', lambda r: HttpResponse(_(""Yes""))),"
tests/mail/tests.py,930,56,_,ugettext_lazy,assignment,929,no,"self.assertTrue(send_mail('Subject', 'Content', _('tester'), [_('django')]))"
tests/mail/tests.py,930,70,_,ugettext_lazy,assignment,929,no,"self.assertTrue(send_mail('Subject', 'Content', _('tester'), [_('django')]))"
tests/mail/tests.py,937,34,_,ugettext_lazy,assignment,929,no,"'Subject', 'Content', _('tester'), [_('to1'), _('to2')],"
tests/mail/tests.py,937,48,_,ugettext_lazy,assignment,929,no,"'Subject', 'Content', _('tester'), [_('to1'), _('to2')],"
tests/mail/tests.py,937,58,_,ugettext_lazy,assignment,929,no,"'Subject', 'Content', _('tester'), [_('to1'), _('to2')],"
tests/mail/tests.py,938,16,_,ugettext_lazy,assignment,929,no,"cc=[_('cc1'), _('cc2')],"
tests/mail/tests.py,938,26,_,ugettext_lazy,assignment,929,no,"cc=[_('cc1'), _('cc2')],"
tests/mail/tests.py,939,17,_,ugettext_lazy,assignment,929,no,"bcc=[_('bcc')],"
tests/mail/tests.py,940,22,_,ugettext_lazy,assignment,929,no,"reply_to=[_('reply')],"
tests/migrations/test_writer.py,246,35,_,ugettext_lazy,import,27,no,self.assertSerializedEqual(_('Hello'))
tests/queryset_pickle/models.py,32,28,_,ugettext_lazy,import,4,no,"name = models.CharField(_('name'), max_length=100)"
tests/view_tests/urls.py,95,8,_,ugettext_lazy,import,6,no,"url(_(r'^translated/$'), views.index_page, name='i18n_prefixed'),"
