file,line,status,decided_in,bindings_seen
django/contrib/admin/actions.py,50,ok,module,import ugettext as _ (line 12)
django/contrib/admin/actions.py,59,ok,module,import ugettext as _ (line 12)
django/contrib/admin/actions.py,61,ok,module,import ugettext as _ (line 12)
django/contrib/admin/apps.py,11,ok,module,import ugettext_lazy as _ (line 4)
django/contrib/admin/filters.py,106,ok,module,import ugettext_lazy as _ (line 18)
django/contrib/admin/filters.py,203,ok,module,import ugettext_lazy as _ (line 18)
django/contrib/admin/filters.py,242,ok,module,import ugettext_lazy as _ (line 18)
django/contrib/admin/filters.py,243,ok,module,import ugettext_lazy as _ (line 18)
django/contrib/admin/filters.py,244,ok,module,import ugettext_lazy as _ (line 18)
django/contrib/admin/filters.py,258,ok,module,import ugettext_lazy as _ (line 18)
django/contrib/admin/filters.py,285,ok,module,import ugettext_lazy as _ (line 18)
django/contrib/admin/filters.py,337,ok,module,import ugettext_lazy as _ (line 18)
django/contrib/admin/filters.py,338,ok,module,import ugettext_lazy as _ (line 18)
django/contrib/admin/filters.py,342,ok,module,import ugettext_lazy as _ (line 18)
django/contrib/admin/filters.py,346,ok,module,import ugettext_lazy as _ (line 18)
django/contrib/admin/filters.py,350,ok,module,import ugettext_lazy as _ (line 18)
django/contrib/admin/filters.py,358,ok,module,import ugettext_lazy as _ (line 18)
django/contrib/admin/filters.py,359,ok,module,import ugettext_lazy as _ (line 18)
django/contrib/admin/filters.py,411,ok,module,import ugettext_lazy as _ (line 18)
django/contrib/admin/forms.py,11,ok,module,import ugettext_lazy as _ (line 3)
django/contrib/admin/helpers.py,22,ok,module,import ugettext_lazy as _ (line 16)
django/contrib/admin/models.py,36,ok,module,import ugettext_lazy as _ (line 11)
django/contrib/admin/models.py,43,ok,module,import ugettext_lazy as _ (line 11)
django/contrib/admin/models.py,48,ok,module,import ugettext_lazy as _ (line 11)
django/contrib/admin/models.py,51,ok,module,import ugettext_lazy as _ (line 11)
django/contrib/admin/models.py,53,ok,module,import ugettext_lazy as _ (line 11)
django/contrib/admin/models.py,54,ok,module,import ugettext_lazy as _ (line 11)
django/contrib/admin/models.py,56,ok,module,import ugettext_lazy as _ (line 11)
django/contrib/admin/models.py,61,ok,module,import ugettext_lazy as _ (line 11)
django/contrib/admin/models.py,62,ok,module,import ugettext_lazy as _ (line 11)
django/contrib/admin/options.py,195,ok,module,import ugettext as _ (line 46)
django/contrib/admin/options.py,223,ok,module,import ugettext as _ (line 46)
django/contrib/admin/options.py,257,ok,module,import ugettext as _ (line 46)
django/contrib/admin/options.py,1088,ok,module,import ugettext as _ (line 46)
django/contrib/admin/options.py,1102,ok,module,import ugettext as _ (line 46)
django/contrib/admin/options.py,1112,ok,module,import ugettext as _ (line 46)
django/contrib/admin/options.py,1154,ok,module,import ugettext as _ (line 46)
django/contrib/admin/options.py,1164,ok,module,import ugettext as _ (line 46)
django/contrib/admin/options.py,1177,ok,module,import ugettext as _ (line 46)
django/contrib/admin/options.py,1189,ok,module,import ugettext as _ (line 46)
django/contrib/admin/options.py,1274,ok,module,import ugettext as _ (line 46)
django/contrib/admin/options.py,1293,ok,module,import ugettext as _ (line 46)
django/contrib/admin/options.py,1318,ok,module,import ugettext as _ (line 46)
django/contrib/admin/options.py,1392,ok,module,import ugettext as _ (line 46)
django/contrib/admin/options.py,1477,ok,module,import ugettext as _ (line 46)
django/contrib/admin/options.py,1477,ok,module,import ugettext as _ (line 46)
django/contrib/admin/options.py,1548,ok,module,import ugettext as _ (line 46)
django/contrib/admin/options.py,1569,ok,module,import ugettext as _ (line 46)
django/contrib/admin/options.py,1653,ok,module,import ugettext as _ (line 46)
django/contrib/admin/options.py,1721,ok,module,import ugettext as _ (line 46)
django/contrib/admin/options.py,1723,ok,module,import ugettext as _ (line 46)
django/contrib/admin/options.py,1767,ok,module,import ugettext as _ (line 46)
django/contrib/admin/options.py,1921,ok,module,import ugettext as _ (line 46)
django/contrib/admin/options.py,1927,ok,module,import ugettext as _ (line 46)
django/contrib/admin/options.py,1928,ok,module,import ugettext as _ (line 46)
django/contrib/admin/sites.py,377,ok,module,import ugettext as _ (line 13)
django/contrib/admin/sites.py,503,ok,module,import ugettext as _ (line 13)
django/contrib/admin/templatetags/admin_list.py,392,ok,module,import ugettext as _ (line 22)
django/contrib/admin/tests.py,123,ok,module,import ugettext as _ (line 5)
django/contrib/admin/widgets.py,84,ok,module,import ugettext as _ (line 14)
django/contrib/admin/widgets.py,85,ok,module,import ugettext as _ (line 14)
django/contrib/admin/widgets.py,151,ok,module,import ugettext as _ (line 14)
django/contrib/admin/widgets.py,343,ok,module,import ugettext as _ (line 14)
django/contrib/admin/widgets.py,344,ok,module,import ugettext as _ (line 14)
django/contrib/admindocs/apps.py,7,ok,module,import ugettext_lazy as _ (line 2)
django/contrib/admindocs/views.py,77,ok,module,import ugettext as _ (line 23)
django/contrib/admindocs/views.py,79,ok,module,import ugettext as _ (line 23)
django/contrib/admindocs/views.py,81,ok,module,import ugettext as _ (line 23)
django/contrib/admindocs/views.py,111,ok,module,import ugettext as _ (line 23)
django/contrib/admindocs/views.py,113,ok,module,import ugettext as _ (line 23)
django/contrib/admindocs/views.py,115,ok,module,import ugettext as _ (line 23)
django/contrib/admindocs/views.py,186,ok,module,import ugettext as _ (line 23)
django/contrib/admindocs/views.py,188,ok,module,import ugettext as _ (line 23)
django/contrib/admindocs/views.py,190,ok,module,import ugettext as _ (line 23)
django/contrib/admindocs/views.py,218,ok,module,import ugettext as _ (line 23)
django/contrib/admindocs/views.py,222,ok,module,import ugettext as _ (line 23)
django/contrib/admindocs/views.py,228,ok,module,import ugettext as _ (line 23)
django/contrib/admindocs/views.py,230,ok,module,import ugettext as _ (line 23)
django/contrib/admindocs/views.py,241,ok,module,import ugettext as _ (line 23)
django/contrib/admindocs/views.py,245,ok,module,import ugettext as _ (line 23)
django/contrib/admindocs/views.py,261,ok,module,import ugettext as _ (line 23)
django/contrib/admindocs/views.py,268,ok,module,import ugettext as _ (line 23)
django/contrib/admindocs/views.py,268,ok,module,import ugettext as _ (line 23)
django/contrib/admindocs/views.py,273,ok,module,import ugettext as _ (line 23)
django/contrib/admindocs/views.py,273,ok,module,import ugettext as _ (line 23)
django/contrib/admindocs/views.py,288,ok,module,import ugettext as _ (line 23)
django/contrib/admindocs/views.py,314,ok,module,import ugettext as _ (line 23)
django/contrib/admindocs/views.py,322,ok,module,import ugettext as _ (line 23)
django/contrib/admindocs/views.py,322,ok,module,import ugettext as _ (line 23)
django/contrib/admindocs/views.py,327,ok,module,import ugettext as _ (line 23)
django/contrib/admindocs/views.py,327,ok,module,import ugettext as _ (line 23)
django/contrib/admindocs/views.py,421,ok,module,import ugettext as _ (line 23)
django/contrib/auth/admin.py,48,ok,module,import ugettext_lazy as _ (line 19)
django/contrib/auth/admin.py,49,ok,module,import ugettext_lazy as _ (line 19)
django/contrib/auth/admin.py,51,ok,module,import ugettext_lazy as _ (line 19)
django/contrib/auth/admin.py,137,ok,module,import ugettext_lazy as _ (line 19)
django/contrib/auth/admin.py,167,ok,module,import ugettext_lazy as _ (line 19)
django/contrib/auth/apps.py,12,ok,module,import ugettext_lazy as _ (line 4)
django/contrib/auth/base_user.py,49,ok,module,import ugettext_lazy as _ (line 14)
django/contrib/auth/base_user.py,50,ok,module,import ugettext_lazy as _ (line 14)
django/contrib/auth/forms.py,70,ok,module,import ugettext_lazy as _ (line 18)
django/contrib/auth/forms.py,73,ok,module,import ugettext_lazy as _ (line 18)
django/contrib/auth/forms.py,79,ok,module,import ugettext_lazy as _ (line 18)
django/contrib/auth/forms.py,82,ok,module,import ugettext_lazy as _ (line 18)
django/contrib/auth/forms.py,117,ok,module,import ugettext_lazy as _ (line 18)
django/contrib/auth/forms.py,118,ok,module,import ugettext_lazy as _ (line 18)
django/contrib/auth/forms.py,153,ok,module,import ugettext_lazy as _ (line 18)
django/contrib/auth/forms.py,159,ok,module,import ugettext_lazy as _ (line 18)
django/contrib/auth/forms.py,163,ok,module,import ugettext_lazy as _ (line 18)
django/contrib/auth/forms.py,224,ok,module,import ugettext_lazy as _ (line 18)
django/contrib/auth/forms.py,297,ok,module,import ugettext_lazy as _ (line 18)
django/contrib/auth/forms.py,300,ok,module,import ugettext_lazy as _ (line 18)
django/contrib/auth/forms.py,306,ok,module,import ugettext_lazy as _ (line 18)
django/contrib/auth/forms.py,341,ok,module,import ugettext_lazy as _ (line 18)
django/contrib/auth/forms.py,344,ok,module,import ugettext_lazy as _ (line 18)
django/contrib/auth/forms.py,369,ok,module,import ugettext_lazy as _ (line 18)
django/contrib/auth/forms.py,373,ok,module,import ugettext_lazy as _ (line 18)
django/contrib/auth/forms.py,379,ok,module,import ugettext_lazy as _ (line 18)
django/contrib/auth/forms.py,382,ok,module,import ugettext_lazy as _ (line 18)
django/contrib/auth/hashers.py,263,ok,module,import ugettext_noop as _ (line 18)
django/contrib/auth/hashers.py,264,ok,module,import ugettext_noop as _ (line 18)
django/contrib/auth/hashers.py,265,ok,module,import ugettext_noop as _ (line 18)
django/contrib/auth/hashers.py,266,ok,module,import ugettext_noop as _ (line 18)
django/contrib/auth/hashers.py,337,ok,module,import ugettext_noop as _ (line 18)
django/contrib/auth/hashers.py,338,ok,module,import ugettext_noop as _ (line 18)
django/contrib/auth/hashers.py,339,ok,module,import ugettext_noop as _ (line 18)
django/contrib/auth/hashers.py,340,ok,module,import ugettext_noop as _ (line 18)
django/contrib/auth/hashers.py,341,ok,module,import ugettext_noop as _ (line 18)
django/contrib/auth/hashers.py,342,ok,module,import ugettext_noop as _ (line 18)
django/contrib/auth/hashers.py,343,ok,module,import ugettext_noop as _ (line 18)
django/contrib/auth/hashers.py,344,ok,module,import ugettext_noop as _ (line 18)
django/contrib/auth/hashers.py,434,ok,module,import ugettext_noop as _ (line 18)
django/contrib/auth/hashers.py,435,ok,module,import ugettext_noop as _ (line 18)
django/contrib/auth/hashers.py,436,ok,module,import ugettext_noop as _ (line 18)
django/contrib/auth/hashers.py,437,ok,module,import ugettext_noop as _ (line 18)
django/contrib/auth/hashers.py,496,ok,module,import ugettext_noop as _ (line 18)
django/contrib/auth/hashers.py,497,ok,module,import ugettext_noop as _ (line 18)
django/contrib/auth/hashers.py,498,ok,module,import ugettext_noop as _ (line 18)
django/contrib/auth/hashers.py,527,ok,module,import ugettext_noop as _ (line 18)
django/contrib/auth/hashers.py,528,ok,module,import ugettext_noop as _ (line 18)
django/contrib/auth/hashers.py,529,ok,module,import ugettext_noop as _ (line 18)
django/contrib/auth/hashers.py,563,ok,module,import ugettext_noop as _ (line 18)
django/contrib/auth/hashers.py,564,ok,module,import ugettext_noop as _ (line 18)
django/contrib/auth/hashers.py,599,ok,module,import ugettext_noop as _ (line 18)
django/contrib/auth/hashers.py,600,ok,module,import ugettext_noop as _ (line 18)
django/contrib/auth/hashers.py,637,ok,module,import ugettext_noop as _ (line 18)
django/contrib/auth/hashers.py,638,ok,module,import ugettext_noop as _ (line 18)
django/contrib/auth/hashers.py,639,ok,module,import ugettext_noop as _ (line 18)
django/contrib/auth/models.py,60,ok,module,import ugettext_lazy as _ (line 10)
django/contrib/auth/models.py,64,ok,module,import ugettext_lazy as _ (line 10)
django/contrib/auth/models.py,66,ok,module,import ugettext_lazy as _ (line 10)
django/contrib/auth/models.py,70,ok,module,import ugettext_lazy as _ (line 10)
django/contrib/auth/models.py,71,ok,module,import ugettext_lazy as _ (line 10)
django/contrib/auth/models.py,115,ok,module,import ugettext_lazy as _ (line 10)
django/contrib/auth/models.py,118,ok,module,import ugettext_lazy as _ (line 10)
django/contrib/auth/models.py,125,ok,module,import ugettext_lazy as _ (line 10)
django/contrib/auth/models.py,126,ok,module,import ugettext_lazy as _ (line 10)
django/contrib/auth/models.py,213,ok,module,import ugettext_lazy as _ (line 10)
django/contrib/auth/models.py,215,ok,module,import ugettext_lazy as _ (line 10)
django/contrib/auth/models.py,222,ok,module,import ugettext_lazy as _ (line 10)
django/contrib/auth/models.py,224,ok,module,import ugettext_lazy as _ (line 10)
django/contrib/auth/models.py,233,ok,module,import ugettext_lazy as _ (line 10)
django/contrib/auth/models.py,235,ok,module,import ugettext_lazy as _ (line 10)
django/contrib/auth/models.py,302,ok,module,import ugettext_lazy as _ (line 10)
django/contrib/auth/models.py,305,ok,module,import ugettext_lazy as _ (line 10)
django/contrib/auth/models.py,308,ok,module,import ugettext_lazy as _ (line 10)
django/contrib/auth/models.py,311,ok,module,import ugettext_lazy as _ (line 10)
django/contrib/auth/models.py,312,ok,module,import ugettext_lazy as _ (line 10)
django/contrib/auth/models.py,313,ok,module,import ugettext_lazy as _ (line 10)
django/contrib/auth/models.py,315,ok,module,import ugettext_lazy as _ (line 10)
django/contrib/auth/models.py,317,ok,module,import ugettext_lazy as _ (line 10)
django/contrib/auth/models.py,320,ok,module,import ugettext_lazy as _ (line 10)
django/contrib/auth/models.py,322,ok,module,import ugettext_lazy as _ (line 10)
django/contrib/auth/models.py,327,ok,module,import ugettext_lazy as _ (line 10)
django/contrib/auth/models.py,336,ok,module,import ugettext_lazy as _ (line 10)
django/contrib/auth/models.py,337,ok,module,import ugettext_lazy as _ (line 10)
django/contrib/auth/password_validation.py,152,ok,module,import ugettext as _ (line 15)
django/contrib/auth/password_validation.py,158,ok,module,import ugettext as _ (line 15)
django/contrib/auth/password_validation.py,186,ok,module,import ugettext as _ (line 15)
django/contrib/auth/password_validation.py,191,ok,module,import ugettext as _ (line 15)
django/contrib/auth/password_validation.py,201,ok,module,import ugettext as _ (line 15)
django/contrib/auth/password_validation.py,206,ok,module,import ugettext as _ (line 15)
django/contrib/auth/validators.py,11,ok,module,import ugettext_lazy as _ (line 5)
django/contrib/auth/validators.py,21,ok,module,import ugettext_lazy as _ (line 5)
django/contrib/auth/views.py,161,ok,module,import ugettext_lazy as _ (line 24)
django/contrib/auth/views.py,255,ok,module,import ugettext_lazy as _ (line 24)
django/contrib/auth/views.py,270,ok,module,import ugettext_lazy as _ (line 24)
django/contrib/auth/views.py,308,ok,module,import ugettext_lazy as _ (line 24)
django/contrib/auth/views.py,319,ok,module,import ugettext_lazy as _ (line 24)
django/contrib/auth/views.py,339,ok,module,import ugettext_lazy as _ (line 24)
django/contrib/auth/views.py,374,ok,module,import ugettext_lazy as _ (line 24)
django/contrib/auth/views.py,402,ok,module,import ugettext_lazy as _ (line 24)
django/contrib/auth/views.py,410,ok,module,import ugettext_lazy as _ (line 24)
django/contrib/auth/views.py,470,ok,module,import ugettext_lazy as _ (line 24)
django/contrib/auth/views.py,478,ok,module,import ugettext_lazy as _ (line 24)
django/contrib/auth/views.py,513,ok,module,import ugettext_lazy as _ (line 24)
django/contrib/auth/views.py,529,ok,module,import ugettext_lazy as _ (line 24)
django/contrib/auth/views.py,541,ok,module,import ugettext_lazy as _ (line 24)
django/contrib/auth/views.py,564,ok,module,import ugettext_lazy as _ (line 24)
django/contrib/contenttypes/apps.py,14,ok,module,import ugettext_lazy as _ (line 5)
django/contrib/contenttypes/models.py,137,ok,module,import ugettext_lazy as _ (line 6)
django/contrib/contenttypes/models.py,141,ok,module,import ugettext_lazy as _ (line 6)
django/contrib/contenttypes/models.py,142,ok,module,import ugettext_lazy as _ (line 6)
django/contrib/contenttypes/views.py,17,ok,module,import ugettext as _ (line 6)
django/contrib/contenttypes/views.py,21,ok,module,import ugettext as _ (line 6)
django/contrib/contenttypes/views.py,27,ok,module,import ugettext as _ (line 6)
django/contrib/flatpages/admin.py,12,ok,module,import ugettext_lazy as _ (line 4)
django/contrib/flatpages/apps.py,7,ok,module,import ugettext_lazy as _ (line 2)
django/contrib/flatpages/forms.py,9,ok,module,import ugettext_lazy as _ (line 4)
django/contrib/flatpages/forms.py,12,ok,module,import ugettext_lazy as _ (line 4)
django/contrib/flatpages/forms.py,14,ok,module,import ugettext_lazy as _ (line 4)
django/contrib/flatpages/forms.py,53,ok,module,import ugettext_lazy as _ (line 4)
django/contrib/flatpages/models.py,9,ok,module,import ugettext_lazy as _ (line 5)
django/contrib/flatpages/models.py,10,ok,module,import ugettext_lazy as _ (line 5)
django/contrib/flatpages/models.py,11,ok,module,import ugettext_lazy as _ (line 5)
django/contrib/flatpages/models.py,12,ok,module,import ugettext_lazy as _ (line 5)
django/contrib/flatpages/models.py,14,ok,module,import ugettext_lazy as _ (line 5)
django/contrib/flatpages/models.py,17,ok,module,import ugettext_lazy as _ (line 5)
django/contrib/flatpages/models.py,23,ok,module,import ugettext_lazy as _ (line 5)
django/contrib/flatpages/models.py,24,ok,module,import ugettext_lazy as _ (line 5)
django/contrib/flatpages/models.py,27,ok,module,import ugettext_lazy as _ (line 5)
django/contrib/flatpages/models.py,31,ok,module,import ugettext_lazy as _ (line 5)
django/contrib/flatpages/models.py,32,ok,module,import ugettext_lazy as _ (line 5)
django/contrib/gis/apps.py,8,ok,module,import ugettext_lazy as _ (line 3)
django/contrib/gis/db/models/fields.py,82,ok,module,import ugettext_lazy as _ (line 13)
django/contrib/gis/db/models/fields.py,260,ok,module,import ugettext_lazy as _ (line 13)
django/contrib/gis/db/models/fields.py,353,ok,module,import ugettext_lazy as _ (line 13)
django/contrib/gis/db/models/fields.py,359,ok,module,import ugettext_lazy as _ (line 13)
django/contrib/gis/db/models/fields.py,365,ok,module,import ugettext_lazy as _ (line 13)
django/contrib/gis/db/models/fields.py,371,ok,module,import ugettext_lazy as _ (line 13)
django/contrib/gis/db/models/fields.py,377,ok,module,import ugettext_lazy as _ (line 13)
django/contrib/gis/db/models/fields.py,383,ok,module,import ugettext_lazy as _ (line 13)
django/contrib/gis/db/models/fields.py,389,ok,module,import ugettext_lazy as _ (line 13)
django/contrib/gis/db/models/fields.py,395,ok,module,import ugettext_lazy as _ (line 13)
django/contrib/gis/db/models/fields.py,406,ok,module,import ugettext_lazy as _ (line 13)
django/contrib/gis/forms/fields.py,18,ok,module,import ugettext_lazy as _ (line 3)
django/contrib/gis/forms/fields.py,19,ok,module,import ugettext_lazy as _ (line 3)
django/contrib/gis/forms/fields.py,20,ok,module,import ugettext_lazy as _ (line 3)
django/contrib/gis/forms/fields.py,21,ok,module,import ugettext_lazy as _ (line 3)
django/contrib/gis/views.py,8,ok,module,import ugettext as _ (line 2)
django/contrib/gis/views.py,14,ok,module,import ugettext as _ (line 2)
django/contrib/humanize/apps.py,7,ok,module,import ugettext_lazy as _ (line 2)
django/contrib/humanize/templatetags/humanize.py,27,ok,module,import ugettext as _ (line 12)
django/contrib/humanize/templatetags/humanize.py,27,ok,module,import ugettext as _ (line 12)
django/contrib/humanize/templatetags/humanize.py,27,ok,module,import ugettext as _ (line 12)
django/contrib/humanize/templatetags/humanize.py,27,ok,module,import ugettext as _ (line 12)
django/contrib/humanize/templatetags/humanize.py,27,ok,module,import ugettext as _ (line 12)
django/contrib/humanize/templatetags/humanize.py,27,ok,module,import ugettext as _ (line 12)
django/contrib/humanize/templatetags/humanize.py,27,ok,module,import ugettext as _ (line 12)
django/contrib/humanize/templatetags/humanize.py,27,ok,module,import ugettext as _ (line 12)
django/contrib/humanize/templatetags/humanize.py,27,ok,module,import ugettext as _ (line 12)
django/contrib/humanize/templatetags/humanize.py,27,ok,module,import ugettext as _ (line 12)
django/contrib/humanize/templatetags/humanize.py,151,ok,module,import ugettext as _ (line 12)
django/contrib/humanize/templatetags/humanize.py,151,ok,module,import ugettext as _ (line 12)
django/contrib/humanize/templatetags/humanize.py,151,ok,module,import ugettext as _ (line 12)
django/contrib/humanize/templatetags/humanize.py,151,ok,module,import ugettext as _ (line 12)
django/contrib/humanize/templatetags/humanize.py,151,ok,module,import ugettext as _ (line 12)
django/contrib/humanize/templatetags/humanize.py,152,ok,module,import ugettext as _ (line 12)
django/contrib/humanize/templatetags/humanize.py,152,ok,module,import ugettext as _ (line 12)
django/contrib/humanize/templatetags/humanize.py,152,ok,module,import ugettext as _ (line 12)
django/contrib/humanize/templatetags/humanize.py,152,ok,module,import ugettext as _ (line 12)
django/contrib/humanize/templatetags/humanize.py,176,ok,module,import ugettext as _ (line 12)
django/contrib/humanize/templatetags/humanize.py,178,ok,module,import ugettext as _ (line 12)
django/contrib/humanize/templatetags/humanize.py,180,ok,module,import ugettext as _ (line 12)
django/contrib/humanize/templatetags/humanize.py,203,ok,module,import ugettext as _ (line 12)
django/contrib/humanize/templatetags/humanize.py,231,ok,module,import ugettext as _ (line 12)
django/contrib/messages/apps.py,7,ok,module,import ugettext_lazy as _ (line 2)
django/contrib/postgres/apps.py,13,ok,module,import ugettext_lazy as _ (line 5)
django/contrib/postgres/fields/array.py,20,ok,module,import ugettext_lazy as _ (line 9)
django/contrib/postgres/fields/array.py,21,ok,module,import ugettext_lazy as _ (line 9)
django/contrib/postgres/fields/hstore.py,15,ok,module,import ugettext_lazy as _ (line 8)
django/contrib/postgres/fields/hstore.py,17,ok,module,import ugettext_lazy as _ (line 8)
django/contrib/postgres/fields/jsonb.py,30,ok,module,import ugettext_lazy as _ (line 10)
django/contrib/postgres/fields/jsonb.py,32,ok,module,import ugettext_lazy as _ (line 10)
django/contrib/postgres/forms/array.py,17,ok,module,import ugettext_lazy as _ (line 10)
django/contrib/postgres/forms/array.py,155,ok,module,import ugettext_lazy as _ (line 10)
django/contrib/postgres/forms/hstore.py,16,ok,module,import ugettext_lazy as _ (line 5)
django/contrib/postgres/forms/hstore.py,17,ok,module,import ugettext_lazy as _ (line 5)
django/contrib/postgres/forms/jsonb.py,19,ok,module,import ugettext_lazy as _ (line 4)
django/contrib/postgres/forms/ranges.py,13,ok,module,import ugettext_lazy as _ (line 6)
django/contrib/postgres/forms/ranges.py,14,ok,module,import ugettext_lazy as _ (line 6)
django/contrib/postgres/forms/ranges.py,61,ok,module,import ugettext_lazy as _ (line 6)
django/contrib/postgres/forms/ranges.py,67,ok,module,import ugettext_lazy as _ (line 6)
django/contrib/postgres/forms/ranges.py,73,ok,module,import ugettext_lazy as _ (line 6)
django/contrib/postgres/forms/ranges.py,79,ok,module,import ugettext_lazy as _ (line 6)
django/contrib/postgres/validators.py,31,ok,module,import ugettext_lazy as _ (line 9)
django/contrib/postgres/validators.py,32,ok,module,import ugettext_lazy as _ (line 9)
django/contrib/postgres/validators.py,73,ok,module,import ugettext_lazy as _ (line 9)
django/contrib/postgres/validators.py,79,ok,module,import ugettext_lazy as _ (line 9)
django/contrib/redirects/apps.py,7,ok,module,import ugettext_lazy as _ (line 2)
django/contrib/redirects/models.py,7,ok,module,import ugettext_lazy as _ (line 3)
django/contrib/redirects/models.py,9,ok,module,import ugettext_lazy as _ (line 3)
django/contrib/redirects/models.py,12,ok,module,import ugettext_lazy as _ (line 3)
django/contrib/redirects/models.py,15,ok,module,import ugettext_lazy as _ (line 3)
django/contrib/redirects/models.py,18,ok,module,import ugettext_lazy as _ (line 3)
django/contrib/redirects/models.py,22,ok,module,import ugettext_lazy as _ (line 3)
django/contrib/redirects/models.py,23,ok,module,import ugettext_lazy as _ (line 3)
django/contrib/sessions/apps.py,7,ok,module,import ugettext_lazy as _ (line 2)
django/contrib/sessions/base_session.py,27,ok,module,import ugettext_lazy as _ (line 6)
django/contrib/sessions/base_session.py,28,ok,module,import ugettext_lazy as _ (line 6)
django/contrib/sessions/base_session.py,29,ok,module,import ugettext_lazy as _ (line 6)
django/contrib/sessions/base_session.py,35,ok,module,import ugettext_lazy as _ (line 6)
django/contrib/sessions/base_session.py,36,ok,module,import ugettext_lazy as _ (line 6)
django/contrib/sitemaps/apps.py,7,ok,module,import ugettext_lazy as _ (line 2)
django/contrib/sites/apps.py,10,ok,module,import ugettext_lazy as _ (line 3)
django/contrib/sites/models.py,22,ok,module,import ugettext_lazy as _ (line 7)
django/contrib/sites/models.py,83,ok,module,import ugettext_lazy as _ (line 7)
django/contrib/sites/models.py,88,ok,module,import ugettext_lazy as _ (line 7)
django/contrib/sites/models.py,93,ok,module,import ugettext_lazy as _ (line 7)
django/contrib/sites/models.py,94,ok,module,import ugettext_lazy as _ (line 7)
django/contrib/staticfiles/apps.py,9,ok,module,import ugettext_lazy as _ (line 4)
django/contrib/syndication/apps.py,7,ok,module,import ugettext_lazy as _ (line 2)
django/core/paginator.py,42,ok,module,import ugettext_lazy as _ (line 6)
django/core/paginator.py,44,ok,module,import ugettext_lazy as _ (line 6)
django/core/paginator.py,49,ok,module,import ugettext_lazy as _ (line 6)
django/core/validators.py,32,ok,module,import ugettext_lazy as _ (line 11)
django/core/validators.py,102,ok,module,import ugettext_lazy as _ (line 11)
django/core/validators.py,155,ok,module,import ugettext_lazy as _ (line 11)
django/core/validators.py,166,ok,module,import ugettext_lazy as _ (line 11)
django/core/validators.py,240,ok,module,import ugettext_lazy as _ (line 11)
django/core/validators.py,247,ok,module,import ugettext_lazy as _ (line 11)
django/core/validators.py,256,ok,module,import ugettext_lazy as _ (line 11)
django/core/validators.py,261,ok,module,import ugettext_lazy as _ (line 11)
django/core/validators.py,271,ok,module,import ugettext_lazy as _ (line 11)
django/core/validators.py,275,ok,module,import ugettext_lazy as _ (line 11)
django/core/validators.py,276,ok,module,import ugettext_lazy as _ (line 11)
django/core/validators.py,277,ok,module,import ugettext_lazy as _ (line 11)
django/core/validators.py,307,ok,module,import ugettext_lazy as _ (line 11)
django/core/validators.py,313,ok,module,import ugettext_lazy as _ (line 11)
django/core/validators.py,344,ok,module,import ugettext_lazy as _ (line 11)
django/core/validators.py,353,ok,module,import ugettext_lazy as _ (line 11)
django/core/validators.py,461,ok,module,import ugettext_lazy as _ (line 11)
django/db/models/base.py,1119,ok,module,import ugettext_lazy as _ (line 32)
django/db/models/base.py,1121,ok,module,import ugettext_lazy as _ (line 32)
django/db/models/fields/__init__.py,105,ok,module,import ugettext_lazy as _ (line 33)
django/db/models/fields/__init__.py,106,ok,module,import ugettext_lazy as _ (line 33)
django/db/models/fields/__init__.py,107,ok,module,import ugettext_lazy as _ (line 33)
django/db/models/fields/__init__.py,108,ok,module,import ugettext_lazy as _ (line 33)
django/db/models/fields/__init__.py,112,ok,module,import ugettext_lazy as _ (line 33)
django/db/models/fields/__init__.py,129,ok,module,import ugettext_lazy as _ (line 33)
django/db/models/fields/__init__.py,861,ok,module,import ugettext_lazy as _ (line 33)
django/db/models/fields/__init__.py,865,ok,module,import ugettext_lazy as _ (line 33)
django/db/models/fields/__init__.py,938,ok,module,import ugettext_lazy as _ (line 33)
django/db/models/fields/__init__.py,950,ok,module,import ugettext_lazy as _ (line 33)
django/db/models/fields/__init__.py,952,ok,module,import ugettext_lazy as _ (line 33)
django/db/models/fields/__init__.py,1018,ok,module,import ugettext_lazy as _ (line 33)
django/db/models/fields/__init__.py,1075,ok,module,import ugettext_lazy as _ (line 33)
django/db/models/fields/__init__.py,1123,ok,module,import ugettext_lazy as _ (line 33)
django/db/models/fields/__init__.py,1125,ok,module,import ugettext_lazy as _ (line 33)
django/db/models/fields/__init__.py,1128,ok,module,import ugettext_lazy as _ (line 33)
django/db/models/fields/__init__.py,1268,ok,module,import ugettext_lazy as _ (line 33)
django/db/models/fields/__init__.py,1270,ok,module,import ugettext_lazy as _ (line 33)
django/db/models/fields/__init__.py,1272,ok,module,import ugettext_lazy as _ (line 33)
django/db/models/fields/__init__.py,1276,ok,module,import ugettext_lazy as _ (line 33)
django/db/models/fields/__init__.py,1426,ok,module,import ugettext_lazy as _ (line 33)
django/db/models/fields/__init__.py,1428,ok,module,import ugettext_lazy as _ (line 33)
django/db/models/fields/__init__.py,1579,ok,module,import ugettext_lazy as _ (line 33)
django/db/models/fields/__init__.py,1582,ok,module,import ugettext_lazy as _ (line 33)
django/db/models/fields/__init__.py,1634,ok,module,import ugettext_lazy as _ (line 33)
django/db/models/fields/__init__.py,1658,ok,module,import ugettext_lazy as _ (line 33)
django/db/models/fields/__init__.py,1724,ok,module,import ugettext_lazy as _ (line 33)
django/db/models/fields/__init__.py,1726,ok,module,import ugettext_lazy as _ (line 33)
django/db/models/fields/__init__.py,1758,ok,module,import ugettext_lazy as _ (line 33)
django/db/models/fields/__init__.py,1760,ok,module,import ugettext_lazy as _ (line 33)
django/db/models/fields/__init__.py,1829,ok,module,import ugettext_lazy as _ (line 33)
django/db/models/fields/__init__.py,1844,ok,module,import ugettext_lazy as _ (line 33)
django/db/models/fields/__init__.py,1875,ok,module,import ugettext_lazy as _ (line 33)
django/db/models/fields/__init__.py,1956,ok,module,import ugettext_lazy as _ (line 33)
django/db/models/fields/__init__.py,1958,ok,module,import ugettext_lazy as _ (line 33)
django/db/models/fields/__init__.py,2021,ok,module,import ugettext_lazy as _ (line 33)
django/db/models/fields/__init__.py,2033,ok,module,import ugettext_lazy as _ (line 33)
django/db/models/fields/__init__.py,2046,ok,module,import ugettext_lazy as _ (line 33)
django/db/models/fields/__init__.py,2076,ok,module,import ugettext_lazy as _ (line 33)
django/db/models/fields/__init__.py,2083,ok,module,import ugettext_lazy as _ (line 33)
django/db/models/fields/__init__.py,2109,ok,module,import ugettext_lazy as _ (line 33)
django/db/models/fields/__init__.py,2111,ok,module,import ugettext_lazy as _ (line 33)
django/db/models/fields/__init__.py,2114,ok,module,import ugettext_lazy as _ (line 33)
django/db/models/fields/__init__.py,2242,ok,module,import ugettext_lazy as _ (line 33)
django/db/models/fields/__init__.py,2265,ok,module,import ugettext_lazy as _ (line 33)
django/db/models/fields/__init__.py,2312,ok,module,import ugettext_lazy as _ (line 33)
django/db/models/fields/files.py,222,ok,module,import ugettext_lazy as _ (line 13)
django/db/models/fields/files.py,370,ok,module,import ugettext_lazy as _ (line 13)
django/db/models/fields/related.py,764,ok,module,import ugettext_lazy as _ (line 17)
django/db/models/fields/related.py,766,ok,module,import ugettext_lazy as _ (line 17)
django/db/models/fields/related.py,980,ok,module,import ugettext_lazy as _ (line 17)
django/db/models/fields/related.py,1030,ok,module,import ugettext_lazy as _ (line 17)
django/db/models/fields/related.py,1031,ok,module,import ugettext_lazy as _ (line 17)
django/db/models/fields/related.py,1073,ok,module,import ugettext_lazy as _ (line 17)
django/forms/boundfield.py,170,ok,module,import ugettext_lazy as _ (line 12)
django/forms/fields.py,53,ok,module,import ugettext_lazy as _ (line 33)
django/forms/fields.py,247,ok,module,import ugettext_lazy as _ (line 33)
django/forms/fields.py,292,ok,module,import ugettext_lazy as _ (line 33)
django/forms/fields.py,329,ok,module,import ugettext_lazy as _ (line 33)
django/forms/fields.py,403,ok,module,import ugettext_lazy as _ (line 33)
django/forms/fields.py,427,ok,module,import ugettext_lazy as _ (line 33)
django/forms/fields.py,449,ok,module,import ugettext_lazy as _ (line 33)
django/forms/fields.py,478,ok,module,import ugettext_lazy as _ (line 33)
django/forms/fields.py,534,ok,module,import ugettext_lazy as _ (line 33)
django/forms/fields.py,535,ok,module,import ugettext_lazy as _ (line 33)
django/forms/fields.py,536,ok,module,import ugettext_lazy as _ (line 33)
django/forms/fields.py,541,ok,module,import ugettext_lazy as _ (line 33)
django/forms/fields.py,602,ok,module,import ugettext_lazy as _ (line 33)
django/forms/fields.py,655,ok,module,import ugettext_lazy as _ (line 33)
django/forms/fields.py,758,ok,module,import ugettext_lazy as _ (line 33)
django/forms/fields.py,854,ok,module,import ugettext_lazy as _ (line 33)
django/forms/fields.py,855,ok,module,import ugettext_lazy as _ (line 33)
django/forms/fields.py,970,ok,module,import ugettext_lazy as _ (line 33)
django/forms/fields.py,971,ok,module,import ugettext_lazy as _ (line 33)
django/forms/fields.py,1127,ok,module,import ugettext_lazy as _ (line 33)
django/forms/fields.py,1128,ok,module,import ugettext_lazy as _ (line 33)
django/forms/fields.py,1186,ok,module,import ugettext_lazy as _ (line 33)
django/forms/forms.py,87,ok,module,import ugettext as _ (line 19)
django/forms/forms.py,213,ok,module,import ugettext as _ (line 19)
django/forms/formsets.py,88,ok,module,import ugettext as _ (line 9)
django/forms/formsets.py,380,ok,module,import ugettext as _ (line 9)
django/forms/formsets.py,382,ok,module,import ugettext as _ (line 9)
django/forms/formsets.py,384,ok,module,import ugettext as _ (line 9)
django/forms/models.py,727,ok,module,import ugettext_lazy as _ (line 21)
django/forms/models.py,1065,ok,module,import ugettext_lazy as _ (line 21)
django/forms/models.py,1126,ok,module,import ugettext_lazy as _ (line 21)
django/forms/models.py,1233,ok,module,import ugettext_lazy as _ (line 21)
django/forms/models.py,1234,ok,module,import ugettext_lazy as _ (line 21)
django/forms/models.py,1236,ok,module,import ugettext_lazy as _ (line 21)
django/forms/utils.py,160,ok,module,import ugettext_lazy as _ (line 9)
django/utils/dateformat.py,63,ok,module,import ugettext as _ (line 23)
django/utils/dateformat.py,64,ok,module,import ugettext as _ (line 23)
django/utils/dateformat.py,69,ok,module,import ugettext as _ (line 23)
django/utils/dateformat.py,70,ok,module,import ugettext as _ (line 23)
django/utils/dateformat.py,153,ok,module,import ugettext as _ (line 23)
django/utils/dateformat.py,155,ok,module,import ugettext as _ (line 23)
django/utils/dates.py,6,ok,module,import ugettext_lazy as _ (line 3)
django/utils/dates.py,6,ok,module,import ugettext_lazy as _ (line 3)
django/utils/dates.py,6,ok,module,import ugettext_lazy as _ (line 3)
django/utils/dates.py,6,ok,module,import ugettext_lazy as _ (line 3)
django/utils/dates.py,6,ok,module,import ugettext_lazy as _ (line 3)
django/utils/dates.py,7,ok,module,import ugettext_lazy as _ (line 3)
django/utils/dates.py,7,ok,module,import ugettext_lazy as _ (line 3)
django/utils/dates.py,10,ok,module,import ugettext_lazy as _ (line 3)
django/utils/dates.py,10,ok,module,import ugettext_lazy as _ (line 3)
django/utils/dates.py,10,ok,module,import ugettext_lazy as _ (line 3)
django/utils/dates.py,10,ok,module,import ugettext_lazy as _ (line 3)
django/utils/dates.py,10,ok,module,import ugettext_lazy as _ (line 3)
django/utils/dates.py,11,ok,module,import ugettext_lazy as _ (line 3)
django/utils/dates.py,11,ok,module,import ugettext_lazy as _ (line 3)
django/utils/dates.py,18,ok,module,import ugettext_lazy as _ (line 3)
django/utils/dates.py,18,ok,module,import ugettext_lazy as _ (line 3)
django/utils/dates.py,18,ok,module,import ugettext_lazy as _ (line 3)
django/utils/dates.py,18,ok,module,import ugettext_lazy as _ (line 3)
django/utils/dates.py,18,ok,module,import ugettext_lazy as _ (line 3)
django/utils/dates.py,18,ok,module,import ugettext_lazy as _ (line 3)
django/utils/dates.py,19,ok,module,import ugettext_lazy as _ (line 3)
django/utils/dates.py,19,ok,module,import ugettext_lazy as _ (line 3)
django/utils/dates.py,19,ok,module,import ugettext_lazy as _ (line 3)
django/utils/dates.py,19,ok,module,import ugettext_lazy as _ (line 3)
django/utils/dates.py,19,ok,module,import ugettext_lazy as _ (line 3)
django/utils/dates.py,20,ok,module,import ugettext_lazy as _ (line 3)
django/utils/dates.py,23,ok,module,import ugettext_lazy as _ (line 3)
django/utils/dates.py,23,ok,module,import ugettext_lazy as _ (line 3)
django/utils/dates.py,23,ok,module,import ugettext_lazy as _ (line 3)
django/utils/dates.py,23,ok,module,import ugettext_lazy as _ (line 3)
django/utils/dates.py,23,ok,module,import ugettext_lazy as _ (line 3)
django/utils/dates.py,23,ok,module,import ugettext_lazy as _ (line 3)
django/utils/dates.py,24,ok,module,import ugettext_lazy as _ (line 3)
django/utils/dates.py,24,ok,module,import ugettext_lazy as _ (line 3)
django/utils/dates.py,24,ok,module,import ugettext_lazy as _ (line 3)
django/utils/dates.py,24,ok,module,import ugettext_lazy as _ (line 3)
django/utils/dates.py,24,ok,module,import ugettext_lazy as _ (line 3)
django/utils/dates.py,24,ok,module,import ugettext_lazy as _ (line 3)
django/utils/ipv6.py,8,ok,module,import ugettext_lazy as _ (line 4)
django/utils/text.py,262,ok,module,import ugettext as _ (line 12)
django/views/csrf.py,109,ok,module,import ugettext as _ (line 4)
django/views/csrf.py,110,ok,module,import ugettext as _ (line 4)
django/views/csrf.py,113,ok,module,import ugettext as _ (line 4)
django/views/csrf.py,118,ok,module,import ugettext as _ (line 4)
django/views/csrf.py,123,ok,module,import ugettext as _ (line 4)
django/views/csrf.py,128,ok,module,import ugettext as _ (line 4)
django/views/csrf.py,134,ok,module,import ugettext as _ (line 4)
django/views/debug.py,503,ok,module,import ugettext as _ (line 15)
django/views/debug.py,504,ok,module,import ugettext as _ (line 15)
django/views/debug.py,505,ok,module,import ugettext as _ (line 15)
django/views/debug.py,506,ok,module,import ugettext as _ (line 15)
django/views/debug.py,509,ok,module,import ugettext as _ (line 15)
django/views/generic/dates.py,46,ok,module,import ugettext as _ (line 10)
django/views/generic/dates.py,102,ok,module,import ugettext as _ (line 10)
django/views/generic/dates.py,161,ok,module,import ugettext as _ (line 10)
django/views/generic/dates.py,217,ok,module,import ugettext as _ (line 10)
django/views/generic/dates.py,376,ok,module,import ugettext as _ (line 10)
django/views/generic/dates.py,404,ok,module,import ugettext as _ (line 10)
django/views/generic/dates.py,657,ok,module,import ugettext as _ (line 10)
django/views/generic/dates.py,692,ok,module,import ugettext as _ (line 10)
django/views/generic/detail.py,53,ok,module,import ugettext as _ (line 4)
django/views/generic/list.py,73,ok,module,import ugettext as _ (line 5)
django/views/generic/list.py,78,ok,module,import ugettext as _ (line 5)
django/views/generic/list.py,168,ok,module,import ugettext as _ (line 5)
django/views/static.py,56,ok,module,import ugettext as _ (line 18)
django/views/static.py,58,ok,module,import ugettext as _ (line 18)
tests/admin_utils/models.py,18,ok,module,import ugettext_lazy as _ (line 2)
tests/auth_tests/test_forms.py,581,ok,module,import ugettext as _ (line 20)
tests/auth_tests/test_forms.py,586,ok,module,import ugettext as _ (line 20)
tests/auth_tests/test_forms.py,591,ok,module,import ugettext as _ (line 20)
tests/auth_tests/test_forms.py,596,ok,module,import ugettext as _ (line 20)
tests/auth_tests/test_forms.py,666,ok,module,import ugettext as _ (line 20)
tests/auth_tests/test_forms.py,826,ok,module,import ugettext as _ (line 20)
tests/auth_tests/test_management.py,212,ok,module,import ugettext_lazy as _ (line 19)
tests/humanize_tests/tests.py,149,ok,module,import ugettext as _ (line 10)
tests/humanize_tests/tests.py,149,ok,module,import ugettext as _ (line 10)
tests/humanize_tests/tests.py,149,ok,module,import ugettext as _ (line 10)
tests/i18n/commands/__init__.py,4,ok,module,import ugettext as _ (line 1)
tests/i18n/commands/__init__.py,7,ok,module,import ugettext as _ (line 1)
tests/i18n/commands/__init__.py,14,ok,module,import ugettext as _ (line 1)
tests/i18n/commands/__init__.py,17,ok,module,import ugettext as _ (line 1)
tests/i18n/exclude/__init__.py,9,ok,module,import ugettext as _ (line 6)
tests/i18n/exclude/__init__.py,12,ok,module,import ugettext as _ (line 6)
tests/i18n/models.py,8,ok,module,import ugettext_lazy as _ (line 4)
tests/i18n/models.py,18,ok,module,import ugettext_lazy as _ (line 4)
tests/i18n/patterns/urls/default.py,11,ok,module,import ugettext_lazy as _ (line 3)
tests/i18n/patterns/urls/default.py,12,ok,module,import ugettext_lazy as _ (line 3)
tests/i18n/patterns/urls/default.py,18,ok,module,import ugettext_lazy as _ (line 3)
tests/i18n/patterns/urls/default.py,19,ok,module,import ugettext_lazy as _ (line 3)
tests/i18n/patterns/urls/namespace.py,9,ok,module,import ugettext_lazy as _ (line 2)
tests/i18n/patterns/urls/namespace.py,10,ok,module,import ugettext_lazy as _ (line 2)
tests/i18n/patterns/urls/wrong.py,6,ok,module,import ugettext_lazy as _ (line 3)
tests/i18n/patterns/urls/wrong_namespace.py,10,ok,module,import ugettext_lazy as _ (line 3)
tests/i18n/project_dir/__init__.py,4,ok,module,import ugettext as _ (line 2)
tests/i18n/project_dir/app_no_locale/models.py,3,ok,module,import ugettext as _ (line 1)
tests/i18n/project_dir/app_with_locale/models.py,3,ok,module,import ugettext as _ (line 1)
tests/i18n/urls.py,8,ok,module,import ugettext_lazy as _ (line 4)
tests/i18n/urls.py,8,ok,module,import ugettext_lazy as _ (line 4)
tests/i18n/urls_default_unprefixed.py,7,ok,module,import ugettext_lazy as _ (line 4)
tests/i18n/urls_default_unprefixed.py,8,ok,module,import ugettext_lazy as _ (line 4)
tests/mail/tests.py,930,ok,test_lazy_addresses@925,_ = ugettext_lazy (line 929)
tests/mail/tests.py,930,ok,test_lazy_addresses@925,_ = ugettext_lazy (line 929)
tests/mail/tests.py,937,ok,test_lazy_addresses@925,_ = ugettext_lazy (line 929)
tests/mail/tests.py,937,ok,test_lazy_addresses@925,_ = ugettext_lazy (line 929)
tests/mail/tests.py,937,ok,test_lazy_addresses@925,_ = ugettext_lazy (line 929)
tests/mail/tests.py,938,ok,test_lazy_addresses@925,_ = ugettext_lazy (line 929)
tests/mail/tests.py,938,ok,test_lazy_addresses@925,_ = ugettext_lazy (line 929)
tests/mail/tests.py,939,ok,test_lazy_addresses@925,_ = ugettext_lazy (line 929)
tests/mail/tests.py,940,ok,test_lazy_addresses@925,_ = ugettext_lazy (line 929)
tests/migrations/test_writer.py,246,ok,module,import ugettext_lazy as _ (line 27)
tests/queryset_pickle/models.py,32,ok,module,import ugettext_lazy as _ (line 4)
tests/view_tests/urls.py,95,ok,module,import ugettext_lazy as _ (line 6)
