order,file,line
1,django/contrib/humanize/apps.py,2
2,django/contrib/admin/utils.py,18
3,django/forms/boundfield.py,12
4,django/contrib/flatpages/forms.py,4
5,tests/messages_tests/base.py,103
6,tests/i18n/tests.py,160
7,tests/i18n/tests.py,1514
8,tests/forms_tests/tests/test_i18n.py,12
9,django/contrib/postgres/validators.py,9
10,django/contrib/auth/hashers.py,18
11,django/core/validators.py,402
12,django/contrib/admin/helpers.py,296
13,tests/i18n/tests.py,150
14,tests/i18n/test_compilation.py,170
15,django/contrib/postgres/apps.py,5
16,django/contrib/redirects/apps.py,2
17,django/template/defaultfilters.py,866
18,tests/forms_tests/tests/test_i18n.py,37
19,tests/forms_tests/tests/test_i18n.py,40
20,django/contrib/admin/actions.py,12
21,django/utils/timesince.py,69
22,django/contrib/sitemaps/apps.py,2
23,tests/view_tests/urls.py,6
24,django/views/generic/list.py,5
25,tests/i18n/patterns/urls/default.py,3
26,django/contrib/flatpages/admin.py,4
27,django/template/base.py,827
28,django/contrib/admin/sites.py,13
29,tests/test_client_regress/tests.py,20
30,django/contrib/humanize/templatetags/humanize.py,80
