benchmark,file,line,col,method,kind,receiver,jedi_result,jedi_answer,jedi_seconds,pyright_result,pyright_answer,pyright_seconds
is_ajax,django/views/debug.py,51,15,is_ajax,call,request,no_answer,(nothing),0.0318,no_answer,(nothing),0.1849
is_ajax,django/views/i18n.py,36,33,is_ajax,call,request,no_answer,(nothing),0.0327,no_answer,(nothing),0.0026
is_auth,django/contrib/auth/__init__.py,141,54,is_authenticated,call,user,no_answer,(nothing),0.1168,no_answer,(nothing),0.1536
is_auth,django/contrib/auth/backends.py,48,46,is_anonymous,call,user_obj,no_answer,(nothing),0.0752,no_answer,(nothing),0.0026
is_auth,django/contrib/auth/backends.py,76,46,is_anonymous,call,user_obj,no_answer,(nothing),0.0003,no_answer,(nothing),0.0003
is_auth,django/contrib/auth/decorators.py,46,20,is_authenticated,call,u,no_answer,(nothing),0.0003,no_answer,(nothing),0.1456
is_auth,django/contrib/auth/middleware.py,73,63,is_authenticated,call,request.user,no_answer,(nothing),0.0234,no_answer,(nothing),0.0026
is_auth,django/contrib/auth/middleware.py,79,24,is_authenticated,call,request.user,no_answer,(nothing),0.0003,no_answer,(nothing),0.0003
is_auth,django/contrib/auth/mixins.py,54,28,is_authenticated,call,request.user,no_answer,(nothing),0.0395,no_answer,(nothing),0.001
is_auth,django/contrib/auth/views.py,71,52,is_authenticated,call,request.user,no_answer,(nothing),0.0175,no_answer,(nothing),0.0059
is_auth,django/contrib/flatpages/templatetags/flatpages.py,36,24,is_authenticated,call,user,no_answer,(nothing),0.0397,no_answer,(nothing),0.0726
is_auth,django/contrib/flatpages/views.py,55,52,is_authenticated,call,request.user,no_answer,(nothing),0.0117,no_answer,(nothing),0.001
is_auth,tests/auth_tests/test_auth_backends.py,145,13,is_anonymous,assign,user,no_answer,(nothing),0.0016,no_answer,(nothing),0.0179
is_auth,tests/auth_tests/test_auth_backends.py,337,22,is_anonymous,call,user,no_answer,(nothing),0.0919,no_answer,(nothing),0.0003
is_auth,tests/auth_tests/test_auth_backends.py,344,20,is_anonymous,call,user,no_answer,(nothing),0.0441,no_answer,(nothing),0.0002
is_auth,tests/auth_tests/test_auth_backends.py,355,16,is_anonymous,call,user,no_answer,(nothing),0.0432,no_answer,(nothing),0.0002
is_auth,tests/auth_tests/test_auth_backends.py,581,33,is_anonymous,call,user,right,django/contrib/auth/base_user.py:82 | django/contrib/auth/models.py:441,0.0079,right,django/contrib/auth/models.py:441,0.0325
is_auth,tests/auth_tests/test_basic.py,47,26,is_authenticated,call,u,no_answer,(nothing),0.0123,no_answer,(nothing),0.0015
is_auth,tests/auth_tests/test_basic.py,73,27,is_authenticated,call,a,right,django/contrib/auth/models.py:444,0.0008,right,django/contrib/auth/models.py:444,0.0004
is_auth,tests/auth_tests/test_middleware.py,19,43,is_anonymous,call,self.request.user,right,django/contrib/auth/base_user.py:82 | django/contrib/auth/models.py:441,0.0202,no_answer,(nothing),0.001
is_auth,tests/auth_tests/test_middleware.py,27,42,is_anonymous,call,self.request.user,right,django/contrib/auth/base_user.py:82 | django/contrib/auth/models.py:441,0.0066,no_answer,(nothing),0.0003
is_auth,tests/auth_tests/test_mixins.py,83,13,is_authenticated,assign,user,right,django/contrib/auth/base_user.py:89,0.0181,no_answer,(nothing),0.0012
is_auth,tests/auth_tests/test_remote_user.py,41,49,is_anonymous,call,response.context['user'],no_answer,(nothing),0.0169,no_answer,(nothing),0.0184
is_auth,tests/auth_tests/test_remote_user.py,45,49,is_anonymous,call,response.context['user'],no_answer,(nothing),0.001,no_answer,(nothing),0.0008
is_auth,tests/auth_tests/test_remote_user.py,49,49,is_anonymous,call,response.context['user'],no_answer,(nothing),0.001,no_answer,(nothing),0.0006
is_auth,tests/auth_tests/test_remote_user.py,121,50,is_anonymous,call,response.context['user'],no_answer,(nothing),0.0011,no_answer,(nothing),0.0005
is_auth,tests/auth_tests/test_remote_user.py,151,49,is_anonymous,call,response.context['user'],no_answer,(nothing),0.0012,no_answer,(nothing),0.0004
is_auth,tests/auth_tests/test_remote_user.py,170,49,is_anonymous,call,response.context['user'],no_answer,(nothing),0.0024,no_answer,(nothing),0.0005
is_auth,tests/auth_tests/test_remote_user.py,271,50,is_anonymous,call,response.context['user'],no_answer,(nothing),0.0012,no_answer,(nothing),0.0003
is_auth,tests/urlpatterns_reverse/views.py,48,30,is_authenticated,call,u,no_answer,(nothing),0.0002,no_answer,(nothing),0.0022
